
OPEN SYMMETRIC KEY PasswordKey
DECRYPTION BY CERTIFICATE PersonalFinanceManagenemt;

INSERT INTO USER_DETAILS (USER_NAME, USER_PASSWORD, FAILED_LOGIN_ATTEMPTS, PASSWORD_LAST_UPDATED, LAST_LOGIN_DATE, MFA_ENABLED)
VALUES ('alice_smith', ENCRYPTBYKEY(KEY_GUID('PasswordKey'), 'abc@1234'), 0, GETDATE() - 10, GETDATE() - 5, 0);

INSERT INTO USER_DETAILS (USER_NAME, USER_PASSWORD, FAILED_LOGIN_ATTEMPTS, PASSWORD_LAST_UPDATED, LAST_LOGIN_DATE, MFA_ENABLED)
VALUES ('bob_jones', ENCRYPTBYKEY(KEY_GUID('PasswordKey'), 'password123'), 2, GETDATE() - 20, GETDATE() - 14, 1);

INSERT INTO USER_DETAILS (USER_NAME, USER_PASSWORD, FAILED_LOGIN_ATTEMPTS, PASSWORD_LAST_UPDATED, LAST_LOGIN_DATE, MFA_ENABLED)
VALUES ('charlie_brown',ENCRYPTBYKEY(KEY_GUID('PasswordKey'), 'passwod123'), 1, GETDATE() - 30, GETDATE() - 21, 0);

INSERT INTO USER_DETAILS (USER_NAME, USER_PASSWORD, FAILED_LOGIN_ATTEMPTS, PASSWORD_LAST_UPDATED, LAST_LOGIN_DATE, MFA_ENABLED)
VALUES ('david_miller', ENCRYPTBYKEY(KEY_GUID('PasswordKey'), 'hbf@jkbjdfb'), 0, GETDATE() - 40, GETDATE() - 28, 0);

INSERT INTO USER_DETAILS (USER_NAME, USER_PASSWORD, FAILED_LOGIN_ATTEMPTS, PASSWORD_LAST_UPDATED, LAST_LOGIN_DATE, MFA_ENABLED)
VALUES ('emily_williams', ENCRYPTBYKEY(KEY_GUID('PasswordKey'), 'hdbajh2kdjfb'), 0, GETDATE() - 50, GETDATE() - 35, 1);

INSERT INTO USER_DETAILS (USER_NAME, USER_PASSWORD, FAILED_LOGIN_ATTEMPTS, PASSWORD_LAST_UPDATED, LAST_LOGIN_DATE, MFA_ENABLED)
VALUES ('frank_johnson', ENCRYPTBYKEY(KEY_GUID('PasswordKey'), 'jkfjb+hbshb'), 0, GETDATE() - 60, GETDATE() - 42, 0);

INSERT INTO USER_DETAILS (USER_NAME, USER_PASSWORD, FAILED_LOGIN_ATTEMPTS, PASSWORD_LAST_UPDATED, LAST_LOGIN_DATE, MFA_ENABLED)
VALUES ('helen_anderson', ENCRYPTBYKEY(KEY_GUID('PasswordKey'), 'jkfjkdkb+hbshb'), 0, GETDATE() - 70, GETDATE() - 49, 0);

INSERT INTO USER_DETAILS (USER_NAME, USER_PASSWORD, FAILED_LOGIN_ATTEMPTS, PASSWORD_LAST_UPDATED, LAST_LOGIN_DATE, MFA_ENABLED)
VALUES ('james_taylor', ENCRYPTBYKEY(KEY_GUID('PasswordKey'), 'jksnbshb'), 0, GETDATE() - 80, GETDATE() - 56, 0);

INSERT INTO USER_DETAILS (USER_NAME, USER_PASSWORD, FAILED_LOGIN_ATTEMPTS, PASSWORD_LAST_UPDATED, LAST_LOGIN_DATE, MFA_ENABLED)
VALUES ('linda_thomas', ENCRYPTBYKEY(KEY_GUID('PasswordKey'), 'test@123'), 0, GETDATE() - 90, GETDATE() - 63, 1);

INSERT INTO USER_DETAILS (USER_NAME, USER_PASSWORD, FAILED_LOGIN_ATTEMPTS, PASSWORD_LAST_UPDATED, LAST_LOGIN_DATE, MFA_ENABLED)
VALUES ('mary_davis', ENCRYPTBYKEY(KEY_GUID('PasswordKey'), 'damg@1231'), 0, GETDATE() - 100, GETDATE() - 70, 0);

INSERT INTO USER_DETAILS (USER_NAME, USER_PASSWORD, FAILED_LOGIN_ATTEMPTS, PASSWORD_LAST_UPDATED, LAST_LOGIN_DATE, MFA_ENABLED)
VALUES ('prasanth_vobul', ENCRYPTBYKEY(KEY_GUID('PasswordKey'), 'pv@1234'), 0, GETDATE() - 10, GETDATE() - 5, 0);

CLOSE SYMMETRIC KEY PasswordKey;

OPEN SYMMETRIC KEY SSNkEY
DECRYPTION BY CERTIFICATE PersonalFinanceManagenemt;

INSERT INTO profile (USER_ID, FIRST_NAME, LAST_NAME, EMAIL, DOB, PARENT_PROFILE_ID, SSN, MOBILE_NUMBER, GENDER)
VALUES
   ('C28CF55E-8DB5-4FC7-AFFE-1A8A113DA734', 'Alice', 'Smith', 'alice@gmail.com', '1990-05-15', NULL, ENCRYPTBYKEY(KEY_GUID('SSNkEY'), '1234567890'), '1234567890', 'F'),

   ('3CBD21D0-0908-4270-A717-421466EFF212', 'James', 'Taylor', 'james@outlook.com', '1985-08-22', NULL, ENCRYPTBYKEY(KEY_GUID('SSNkEY'), '9876543210'), '9876543210', 'M'),

   ('E631F4C4-0C71-4F4E-A645-5381B504B7B9', 'Linda', 'Thomas', 'linda@gmail.com', '1978-12-10', NULL, ENCRYPTBYKEY(KEY_GUID('SSNkEY'), '5678901234'), '5678901234', 'F'),

   ('E9612514-C33E-416C-B3A8-5D53C548A793', 'Charlie', 'Brown', 'charlie@outlook.com', '1992-02-28', NULL, ENCRYPTBYKEY(KEY_GUID('SSNkEY'), '1023456789'), '0123456789', 'M'),

   ('0FD9E829-733D-4A71-878B-71C2DEFE838E', 'Frank', 'Johnson', 'frank@gmail.com', '1997-06-05', NULL, ENCRYPTBYKEY(KEY_GUID('SSNkEY'), '2345678901'), '3456789012', 'M'),

   ('35A105EF-5F75-4D79-872A-7E303FB0D5A5', 'Helen', 'Anderson', 'helen@outlook.com', '1999-09-15', NULL, ENCRYPTBYKEY(KEY_GUID('SSNkEY'), '6789012345'), '6789012345', 'F'),

   ('1595B5FD-01B4-4128-84D5-8089D44969A5', 'Bob', 'Jones', 'bob@gmail.com', '1975-03-20', NULL, ENCRYPTBYKEY(KEY_GUID('SSNkEY'), '2345678901'), '2345678901', 'M'),

   ('6B378496-E6CC-48C3-A07D-9C4F7A2FD1C4', 'David', 'Miller', 'david@outlook.com', '1986-07-12', NULL, ENCRYPTBYKEY(KEY_GUID('SSNkEY'), '7890123456'), '7890123456', 'M'),

   ('E219E048-1748-423D-B624-B5C1D30C1CD1', 'Mary', 'Davis', 'mary@gmail.com', '1970-11-28', NULL, ENCRYPTBYKEY(KEY_GUID('SSNkEY'), '9876543210'), '0123456789', 'F'),

   ('F4383F63-DB48-4E79-8ECB-FE4B70C3EE0A', 'Emily', 'Williams', 'emily@outlook.com', '1988-04-03', NULL, ENCRYPTBYKEY(KEY_GUID('SSNkEY'), '4567890123'), '4567890123', 'F');
INSERT INTO profile (USER_ID, FIRST_NAME, LAST_NAME, EMAIL, DOB, PARENT_PROFILE_ID, SSN, MOBILE_NUMBER, GENDER)
VALUES
   ('84D29475-5BB7-4BE7-8112-A83B38886569', 'Prasanth', 'Vobulshetty', 'prasanth.v@gmail.com', '1998-09-03', null, ENCRYPTBYKEY(KEY_GUID('SSNkEY'), '67652341234'), '123412241321', 'M');

CLOSE SYMMETRIC KEY SSNkEY;



--Accounts
insert into ACCOUNTS (ACCOUNT_ID, ACCOUNT_NUMBER, ACCOUNT_TYPE, BANK_ID, CURRENT_BALANCE, PROFILE_ID) values ('7193F5CF-8F22-4D56-86B9-114E37A9C5BF', 'SN678901', 'Savings', '8C673E82-2D17-4989-A47C-E852265E2A8A', 9000, '901018D7-3567-4AB6-B8D1-E5DAAAB5CBE1');
insert into ACCOUNTS (ACCOUNT_ID, ACCOUNT_NUMBER, ACCOUNT_TYPE, BANK_ID, CURRENT_BALANCE, PROFILE_ID) values ('579EA851-E540-4836-A0FD-14A638C7F2F9', '12345678901234567890', 'Checking', '3BF6E349-94BA-457B-952E-2055FD6B3559', 1000, '5EED8949-7E6A-4CE8-AA04-AE2143AB50C2');
insert into ACCOUNTS (ACCOUNT_ID, ACCOUNT_NUMBER, ACCOUNT_TYPE, BANK_ID, CURRENT_BALANCE, PROFILE_ID) values ('8D1B9827-B7CD-4D8D-87D6-16E6BE02D28D', 'SN123456', 'Savings', '3BF6E349-94BA-457B-952E-2055FD6B3559', 5000, 'B1414123-C231-41AA-A0E5-03B4AE5E9690');
insert into ACCOUNTS (ACCOUNT_ID, ACCOUNT_NUMBER, ACCOUNT_TYPE, BANK_ID, CURRENT_BALANCE, PROFILE_ID) values ('4003AAC9-E669-4A50-9C2E-29EFCC63CBAA', 'SN876543', 'Savings', 'C4F28668-2DA8-4E70-A4C3-D939CC9913BA', 4200, 'E830612A-C860-4E5D-9BE6-D99F1655CDFF');
insert into ACCOUNTS (ACCOUNT_ID, ACCOUNT_NUMBER, ACCOUNT_TYPE, BANK_ID, CURRENT_BALANCE, PROFILE_ID) values ('62686AC3-64E7-44D2-8322-5269078F583B', '30123148', 'Checking', '069EDE5E-D360-4063-BC78-5F1E38D9D6BD', 6040, 'B1414123-C231-41AA-A0E5-03B4AE5E9690');
insert into ACCOUNTS (ACCOUNT_ID, ACCOUNT_NUMBER, ACCOUNT_TYPE, BANK_ID, CURRENT_BALANCE, PROFILE_ID) values ('A3FE669A-A89A-4009-B0B5-57EF86B9A405', 'CN432109', 'Checking', '98F9B852-56A7-4C99-AAE3-A3E70C836652', 6000, '7A1D533E-F3CF-43B1-80C3-D2E0A496797C');
insert into ACCOUNTS (ACCOUNT_ID, ACCOUNT_NUMBER, ACCOUNT_TYPE, BANK_ID, CURRENT_BALANCE, PROFILE_ID) values ('88DA4CF7-09F1-4A06-AC0A-5BCA3857E662', '20180388', 'Savings', '6F6D167C-C54F-46E4-9DFC-351A8558F8C8', 1500, 'B1414123-C231-41AA-A0E5-03B4AE5E9690');
insert into ACCOUNTS (ACCOUNT_ID, ACCOUNT_NUMBER, ACCOUNT_TYPE, BANK_ID, CURRENT_BALANCE, PROFILE_ID) values ('15E24EBF-65EB-4B36-93FC-629B4EBABE43', 'CN345678', 'Checking', '069EDE5E-D360-4063-BC78-5F1E38D9D6BD', 1200, '5EED8949-7E6A-4CE8-AA04-AE2143AB50C2');
insert into ACCOUNTS (ACCOUNT_ID, ACCOUNT_NUMBER, ACCOUNT_TYPE, BANK_ID, CURRENT_BALANCE, PROFILE_ID) values ('9C47BCDA-9C9F-4F65-995A-8004A3620EB4', 'SN789012', 'Savings', '2591041F-15A0-411C-B124-3A1C58A2835C', 7500, '00AF2991-BA9C-4F5E-B47E-48CF7B4F4636');
insert into ACCOUNTS (ACCOUNT_ID, ACCOUNT_NUMBER, ACCOUNT_TYPE, BANK_ID, CURRENT_BALANCE, PROFILE_ID) values ('897C0294-63CB-4C6D-9FBE-B12B74070F1C', 'CN234567', 'Checking', '251B776D-A098-417A-BF85-E3C0252F5192', 1800, 'C3E548AB-4A51-4EE3-AA5D-DA41962A5337');
insert into ACCOUNTS (ACCOUNT_ID, ACCOUNT_NUMBER, ACCOUNT_TYPE, BANK_ID, CURRENT_BALANCE, PROFILE_ID) values ('E62CFF31-F810-4502-9A0B-B398FECB3865', '12345678901234567890', 'Saving', '2D0E3C5F-4E7E-4784-876A-57640512CECC', 1200, '5EED8949-7E6A-4CE8-AA04-AE2143AB50C2');
insert into ACCOUNTS (ACCOUNT_ID, ACCOUNT_NUMBER, ACCOUNT_TYPE, BANK_ID, CURRENT_BALANCE, PROFILE_ID) values ('E24BDEDB-16D2-48F0-9C3E-B6C471689AA6', 'LN567890', 'Checking', '12F35345-959A-4910-B164-4CB1A958BE59', 10000, '707339BF-F710-4F98-9DCE-51CEA7AAC46E');
insert into ACCOUNTS (ACCOUNT_ID, ACCOUNT_NUMBER, ACCOUNT_TYPE, BANK_ID, CURRENT_BALANCE, PROFILE_ID) values ('A04EA8CD-B0FD-48F5-A999-BDF4259D12A6', 'SN654321', 'Savings', '19CAC561-8779-4CCA-B5E2-99767F4DE04B', 3000, '4E3DDAAF-D449-4A69-A067-CAD3E16DE33B');
insert into ACCOUNTS (ACCOUNT_ID, ACCOUNT_NUMBER, ACCOUNT_TYPE, BANK_ID, CURRENT_BALANCE, PROFILE_ID) values ('E48E1B2A-EBD1-4ADE-A1DC-C60AB2EFB2BF', 'CN987654', 'Checking', '6F6D167C-C54F-46E4-9DFC-351A8558F8C8', 2500, 'D8550A0C-2856-4766-9462-43E7EC1EF080');

--Address
insert into Address (AddressLine1, AddressLine2, Address_ID, Address_Type, City, Country, IsPrimary, Notes, PROFILE_ID, State, ZipCode) values ('789 Residential Rd', NULL, '09FFD01A-6733-4524-867D-0592CA258034', 'Home', 'Los Angeles', 'US', false, 'Home address for Frank Johnson', 'D8550A0C-2856-4766-9462-43E7EC1EF080', 'CA', '90002');
insert into Address (AddressLine1, AddressLine2, Address_ID, Address_Type, City, Country, IsPrimary, Notes, PROFILE_ID, State, ZipCode) values ('789 Business Blvd', 'Floor 10', 'E43686B6-DD72-4DD3-801A-240F9DD20333', 'Work', 'New York', 'US', false, 'Work address for Emily Williams', 'B1414123-C231-41AA-A0E5-03B4AE5E9690', 'NY', '10002');
insert into Address (AddressLine1, AddressLine2, Address_ID, Address_Type, City, Country, IsPrimary, Notes, PROFILE_ID, State, ZipCode) values ('456 Industrial Blvd', 'Floor 3', 'C91BE316-812D-4BF3-8D83-43BCCC737B09', 'Work', 'Denver', 'US', true, 'Work address for Bob Jones', 'C3E548AB-4A51-4EE3-AA5D-DA41962A5337', 'CO', '80202');
insert into Address (AddressLine1, AddressLine2, Address_ID, Address_Type, City, Country, IsPrimary, Notes, PROFILE_ID, State, ZipCode) values ('101 Home Ln', NULL, '9DA84086-B62E-4449-B4D2-785C59BB3371', 'Home', 'Chicago', 'US', false, 'Home address for James Taylor', '707339BF-F710-4F98-9DCE-51CEA7AAC46E', 'IL', '60602');
insert into Address (AddressLine1, AddressLine2, Address_ID, Address_Type, City, Country, IsPrimary, Notes, PROFILE_ID, State, ZipCode) values ('123 Residence Ave', NULL, '52D91776-9DAA-4286-B2D5-7E8AFA0C86B2', 'Home', 'New York', 'US', true, 'Home address for Alice Smith', '901018D7-3567-4AB6-B8D1-E5DAAAB5CBE1', 'NY', '10001');
insert into Address (AddressLine1, AddressLine2, Address_ID, Address_Type, City, Country, IsPrimary, Notes, PROFILE_ID, State, ZipCode) values ('456 Suburban Blvd', NULL, '7512C9FC-F1BC-444A-B652-801E318295FC', 'Home', 'Seattle', 'US', false, 'Home address for David Miller', '7A1D533E-F3CF-43B1-80C3-D2E0A496797C', 'WA', '98102');
insert into Address (AddressLine1, AddressLine2, Address_ID, Address_Type, City, Country, IsPrimary, Notes, PROFILE_ID, State, ZipCode) values ('123 Rural Rd', NULL, '8B01DA7D-6B26-40D2-9ADA-8813DE872954', 'Home', 'Phoenix', 'US', true, 'Home address for Helen Anderson', 'E830612A-C860-4E5D-9BE6-D99F1655CDFF', 'AZ', '85001');
insert into Address (AddressLine1, AddressLine2, Address_ID, Address_Type, City, Country, IsPrimary, Notes, PROFILE_ID, State, ZipCode) values ('123 Main St', NULL, '67A6720B-D416-47AA-BA9A-995965506511', 'Home', 'New York', 'US', true, 'Home address for Emily Williams', 'B1414123-C231-41AA-A0E5-03B4AE5E9690', 'NY', '10001');
insert into Address (AddressLine1, AddressLine2, Address_ID, Address_Type, City, Country, IsPrimary, Notes, PROFILE_ID, State, ZipCode) values ('456 Suburban St', NULL, '5A28FE90-7A9D-4395-8EBF-B3BA6BAC2349', 'Home', 'Dallas', 'US', true, 'Home address for Linda Thomas', '4E3DDAAF-D449-4A69-A067-CAD3E16DE33B', 'TX', '75201');
insert into Address (AddressLine1, AddressLine2, Address_ID, Address_Type, City, Country, IsPrimary, Notes, PROFILE_ID, State, ZipCode) values ('456 Office St', 'Suite 456', 'DB06F510-5891-4873-A6E2-C00B1F39A397', 'Work', 'San Francisco', 'US', false, 'Work address for Charlie Brown', '00AF2991-BA9C-4F5E-B47E-48CF7B4F4636', 'CA', '94106');
insert into Address (AddressLine1, AddressLine2, Address_ID, Address_Type, City, Country, IsPrimary, Notes, PROFILE_ID, State, ZipCode) values ('789 Residential Rd', NULL, 'F54EB046-6234-45B1-AADC-D8A3AEC5B11A', 'Home', 'San Francisco', 'US', true, 'Home address for Charlie Brown', '00AF2991-BA9C-4F5E-B47E-48CF7B4F4636', 'CA', '94105');
insert into Address (AddressLine1, AddressLine2, Address_ID, Address_Type, City, Country, IsPrimary, Notes, PROFILE_ID, State, ZipCode) values ('789 Corporate Ave', 'Floor 2', '8D3ACB3E-EF32-4D24-AF14-DB0558CCABFA', 'Work', 'Dallas', 'US', false, 'Work address for Linda Thomas', '4E3DDAAF-D449-4A69-A067-CAD3E16DE33B', 'TX', '75202');
insert into Address (AddressLine1, AddressLine2, Address_ID, Address_Type, City, Country, IsPrimary, Notes, PROFILE_ID, State, ZipCode) values ('789 Corporate Ln', 'Suite 123', '4760C0A3-96EE-4B24-A05D-DE189D9E98D5', 'Work', 'Seattle', 'US', true, 'Work address for David Miller', '7A1D533E-F3CF-43B1-80C3-D2E0A496797C', 'WA', '98101');
insert into Address (AddressLine1, AddressLine2, Address_ID, Address_Type, City, Country, IsPrimary, Notes, PROFILE_ID, State, ZipCode) values ('456 Business Ave', 'Suite 789', 'AAE574EB-87AF-4C01-9E28-DF34E7B020B0', 'Work', 'Los Angeles', 'US', true, 'Work address for Frank Johnson', 'D8550A0C-2856-4766-9462-43E7EC1EF080', 'CA', '90001');
insert into Address (AddressLine1, AddressLine2, Address_ID, Address_Type, City, Country, IsPrimary, Notes, PROFILE_ID, State, ZipCode) values ('101 Office Blvd', 'Floor 5', 'A89FB994-7B06-4FC5-857F-FD4497782FC1', 'Work', 'Chicago', 'US', true, 'Work address for James Taylor', '707339BF-F710-4F98-9DCE-51CEA7AAC46E', 'IL', '60601');

--AUTO_INSURANCE
insert into AUTO_INSURANCE (AUTO_POLICY_ID, PURCHASE_YEAR, VEHICLE_MAKE, VEHICLE_MODEL) values ('953EE41B-A09A-4EFE-B7AD-0CB45FFFA678', 2021, 'Toyota', 'Corolla');
insert into AUTO_INSURANCE (AUTO_POLICY_ID, PURCHASE_YEAR, VEHICLE_MAKE, VEHICLE_MODEL) values ('0810EF84-05F1-4F85-BF42-22DD160C6610', 2023, 'Honda', 'Accord');
insert into AUTO_INSURANCE (AUTO_POLICY_ID, PURCHASE_YEAR, VEHICLE_MAKE, VEHICLE_MODEL) values ('AD037C4E-7AE3-4D69-9B00-26F058DE8EA0', 2020, 'Ford', 'Mustang');
insert into AUTO_INSURANCE (AUTO_POLICY_ID, PURCHASE_YEAR, VEHICLE_MAKE, VEHICLE_MODEL) values ('48550490-C04B-4FBB-97DC-3E8089ECF8CB', 2022, 'Toyota', 'Corolla');
insert into AUTO_INSURANCE (AUTO_POLICY_ID, PURCHASE_YEAR, VEHICLE_MAKE, VEHICLE_MODEL) values ('D89C1AEA-29E3-4D3A-BCEA-D66B7038EE34', 2021, 'Honda', 'Accord');

--BANK_INFORMATION
insert into BANK_INFORMATION (ADDRESS, BANK_ID, CONTACT_NUMBER, EMAIL, NAME) values ('234 Birch Road, Hamletville', '3BF6E349-94BA-457B-952E-2055FD6B3559', '+654-321-0987', 'contact@harbor.com', 'Harbor Community');
insert into BANK_INFORMATION (ADDRESS, BANK_ID, CONTACT_NUMBER, EMAIL, NAME) values ('345 Oak Road, Boroughville', '6F6D167C-C54F-46E4-9DFC-351A8558F8C8', '+345-678-9012', 'info@unitycoop.com', 'Unity Bank');
insert into BANK_INFORMATION (ADDRESS, BANK_ID, CONTACT_NUMBER, EMAIL, NAME) values ('678 Maple Lane, Hamletburg', '2591041F-15A0-411C-B124-3A1C58A2835C', '+210-987-6543', 'info@sunset.com', 'Sunset Financial');
insert into BANK_INFORMATION (ADDRESS, BANK_ID, CONTACT_NUMBER, EMAIL, NAME) values ('876 Pine Street, Citytown', '12F35345-959A-4910-B164-4CB1A958BE59', '+987-654-3210', 'support@pacific.com', 'Pacific Bank');
insert into BANK_INFORMATION (ADDRESS, BANK_ID, CONTACT_NUMBER, EMAIL, NAME) values ('Sample Location', '2D0E3C5F-4E7E-4784-876A-57640512CECC', '1231231234', 'ABD@GMAIL.COM', 'Sample Bank');
insert into BANK_INFORMATION (ADDRESS, BANK_ID, CONTACT_NUMBER, EMAIL, NAME) values ('123 Main Street, Cityville', '069EDE5E-D360-4063-BC78-5F1E38D9D6BD', '+123-456-7890', 'info@firstnation.com', 'First National Bank');
insert into BANK_INFORMATION (ADDRESS, BANK_ID, CONTACT_NUMBER, EMAIL, NAME) values ('432 Cedar Lane, Villageton', '19CAC561-8779-4CCA-B5E2-99767F4DE04B', '+123-456-7890', 'info@egt.com', 'Evergreen Trust Bank');
insert into BANK_INFORMATION (ADDRESS, BANK_ID, CONTACT_NUMBER, EMAIL, NAME) values ('567 Elm Street, Boroughburg', '98F9B852-56A7-4C99-AAE3-A3E70C836652', '+210-987-6543', 'customer@central.com', 'Central Savings');
insert into BANK_INFORMATION (ADDRESS, BANK_ID, CONTACT_NUMBER, EMAIL, NAME) values ('789 Pine Lane, Villagetown', 'C4F28668-2DA8-4E70-A4C3-D939CC9913BA', '+345-678-9012', 'support@mcu.com', 'Metro Credit Union');
insert into BANK_INFORMATION (ADDRESS, BANK_ID, CONTACT_NUMBER, EMAIL, NAME) values ('456 Oak Avenue, Townsville', '251B776D-A098-417A-BF85-E3C0252F5192', '+987-654-3210', 'contact@citybank.com', 'City Bank');
insert into BANK_INFORMATION (ADDRESS, BANK_ID, CONTACT_NUMBER, EMAIL, NAME) values ('890 Maple Drive, Cityburg', '8C673E82-2D17-4989-A47C-E852265E2A8A', '+789-012-3456', 'info@goldenbank.com', 'Golden State Bank');

--BANK_TRANSACTION
insert into BANK_TRANSACTION (ACCOUNT_ID, AMOUNT, BANK_TRANSACTION_ID, EXPENSE_CATEGORY_ID, TRANSACTION_DATE, TRANSACTION_TYPE) values ('8D1B9827-B7CD-4D8D-87D6-16E6BE02D28D', 80, 'A4453251-BCC3-41CD-A296-06041271819C', '98A8FE91-9FB1-414D-AED4-21BA7DD4ED7D', '2023-11-20T00:00:00.000Z', 'D');
insert into BANK_TRANSACTION (ACCOUNT_ID, AMOUNT, BANK_TRANSACTION_ID, EXPENSE_CATEGORY_ID, TRANSACTION_DATE, TRANSACTION_TYPE) values ('7DBCFA7B-E089-47D8-8547-1030878210E4', 50, '43157A7B-51FC-4FA7-894D-0EEDEB03067F', '98A8FE91-9FB1-414D-AED4-21BA7DD4ED7D', '2023-11-28T00:00:00.000Z', 'C');
insert into BANK_TRANSACTION (ACCOUNT_ID, AMOUNT, BANK_TRANSACTION_ID, EXPENSE_CATEGORY_ID, TRANSACTION_DATE, TRANSACTION_TYPE) values ('8D1B9827-B7CD-4D8D-87D6-16E6BE02D28D', 800, '7C382E39-141A-4AAC-8C12-121D7BD3D705', '6F9619FF-8B86-D011-B42D-00C04FC964FF', '2023-11-20T00:00:00.000Z', 'D');
insert into BANK_TRANSACTION (ACCOUNT_ID, AMOUNT, BANK_TRANSACTION_ID, EXPENSE_CATEGORY_ID, TRANSACTION_DATE, TRANSACTION_TYPE) values ('8D1B9827-B7CD-4D8D-87D6-16E6BE02D28D', 1500, 'C1920C5B-6F5C-4CD1-8D2F-147C7B0D565D', '3F2504E0-4F89-11D3-9A0C-0305E82C3301', '2023-01-20T00:00:00.000Z', 'D');
insert into BANK_TRANSACTION (ACCOUNT_ID, AMOUNT, BANK_TRANSACTION_ID, EXPENSE_CATEGORY_ID, TRANSACTION_DATE, TRANSACTION_TYPE) values ('E48E1B2A-EBD1-4ADE-A1DC-C60AB2EFB2BF', 150, '2B51CE35-7A2C-44FF-8778-1B1DF3BA2975', '7FFA0668-61BE-4AC5-B4DC-B94019B7DF51', '2023-05-20T00:00:00.000Z', 'D');
insert into BANK_TRANSACTION (ACCOUNT_ID, AMOUNT, BANK_TRANSACTION_ID, EXPENSE_CATEGORY_ID, TRANSACTION_DATE, TRANSACTION_TYPE) values ('8D1B9827-B7CD-4D8D-87D6-16E6BE02D28D', 150, '464B66AC-95F9-4A9D-A92E-1BB9AF5513F2', '98A8FE91-9FB1-414D-AED4-21BA7DD4ED7D', '2023-01-20T00:00:00.000Z', 'D');
insert into BANK_TRANSACTION (ACCOUNT_ID, AMOUNT, BANK_TRANSACTION_ID, EXPENSE_CATEGORY_ID, TRANSACTION_DATE, TRANSACTION_TYPE) values ('8D1B9827-B7CD-4D8D-87D6-16E6BE02D28D', 225, '071C7B64-700E-4B80-88CB-1EBB9CCD0105', '98A8FE91-9FB1-414D-AED4-21BA7DD4ED7D', '2023-06-20T00:00:00.000Z', 'D');
insert into BANK_TRANSACTION (ACCOUNT_ID, AMOUNT, BANK_TRANSACTION_ID, EXPENSE_CATEGORY_ID, TRANSACTION_DATE, TRANSACTION_TYPE) values ('8D1B9827-B7CD-4D8D-87D6-16E6BE02D28D', 100, '886035F0-F675-4F2B-A0A3-242DF23A6371', 'C9F6C9FB-F609-4A4C-8A7F-5FD4D3A2B5C4', '2023-06-20T00:00:00.000Z', 'D');
insert into BANK_TRANSACTION (ACCOUNT_ID, AMOUNT, BANK_TRANSACTION_ID, EXPENSE_CATEGORY_ID, TRANSACTION_DATE, TRANSACTION_TYPE) values ('8D1B9827-B7CD-4D8D-87D6-16E6BE02D28D', 80, '91619DD0-8E89-4F47-B097-27AD67F5C08F', '319F4BFA-FABE-4891-880D-431866796E0D', '2023-11-20T00:00:00.000Z', 'D');
insert into BANK_TRANSACTION (ACCOUNT_ID, AMOUNT, BANK_TRANSACTION_ID, EXPENSE_CATEGORY_ID, TRANSACTION_DATE, TRANSACTION_TYPE) values ('15E24EBF-65EB-4B36-93FC-629B4EBABE43', 30, '871A5711-EC2D-428C-A4BD-2BC19E7D43E1', '319F4BFA-FABE-4891-880D-431866796E0D', '2023-03-05T00:00:00.000Z', 'D');
insert into BANK_TRANSACTION (ACCOUNT_ID, AMOUNT, BANK_TRANSACTION_ID, EXPENSE_CATEGORY_ID, TRANSACTION_DATE, TRANSACTION_TYPE) values ('88DA4CF7-09F1-4A06-AC0A-5BCA3857E662', 150, '14F6521C-64B2-4C0A-B7E0-311A4D23709D', '98A8FE91-9FB1-414D-AED4-21BA7DD4ED7D', '2023-06-20T00:00:00.000Z', 'D');
insert into BANK_TRANSACTION (ACCOUNT_ID, AMOUNT, BANK_TRANSACTION_ID, EXPENSE_CATEGORY_ID, TRANSACTION_DATE, TRANSACTION_TYPE) values ('8D1B9827-B7CD-4D8D-87D6-16E6BE02D28D', 250, 'F7FCE0C3-85DF-423F-8B52-340B4FF88F72', '675A8C73-876F-4F76-8029-C9C2254D30F7', '2023-10-20T00:00:00.000Z', 'D');
insert into BANK_TRANSACTION (ACCOUNT_ID, AMOUNT, BANK_TRANSACTION_ID, EXPENSE_CATEGORY_ID, TRANSACTION_DATE, TRANSACTION_TYPE) values ('8D1B9827-B7CD-4D8D-87D6-16E6BE02D28D', 1100, 'F39218FC-8081-4356-A9AF-36071DC6A0EC', '319F4BFA-FABE-4891-880D-431866796E0D', '2023-06-20T00:00:00.000Z', 'D');
insert into BANK_TRANSACTION (ACCOUNT_ID, AMOUNT, BANK_TRANSACTION_ID, EXPENSE_CATEGORY_ID, TRANSACTION_DATE, TRANSACTION_TYPE) values ('8D1B9827-B7CD-4D8D-87D6-16E6BE02D28D', 80, '7FD07220-406D-432F-B3BC-38AE6294D606', 'C9F6C9FB-F609-4A4C-8A7F-5FD4D3A2B5C4', '2023-11-20T00:00:00.000Z', 'D');
insert into BANK_TRANSACTION (ACCOUNT_ID, AMOUNT, BANK_TRANSACTION_ID, EXPENSE_CATEGORY_ID, TRANSACTION_DATE, TRANSACTION_TYPE) values ('7193F5CF-8F22-4D56-86B9-114E37A9C5BF', 150, '891A4BE1-21CE-4FBB-BEED-3A1F9A61B0DC', '6F9619FF-8B86-D011-B42D-00C04FC964FF', '2023-01-15T00:00:00.000Z', 'C');
insert into BANK_TRANSACTION (ACCOUNT_ID, AMOUNT, BANK_TRANSACTION_ID, EXPENSE_CATEGORY_ID, TRANSACTION_DATE, TRANSACTION_TYPE) values ('8D1B9827-B7CD-4D8D-87D6-16E6BE02D28D', 50, '79CC74E1-91AF-4DD2-A03D-3B41A47999AC', '375D9E2C-810A-4835-8374-B04DDACF2EF7', '2023-11-20T00:00:00.000Z', 'D');
insert into BANK_TRANSACTION (ACCOUNT_ID, AMOUNT, BANK_TRANSACTION_ID, EXPENSE_CATEGORY_ID, TRANSACTION_DATE, TRANSACTION_TYPE) values ('8D1B9827-B7CD-4D8D-87D6-16E6BE02D28D', 50, 'E385D73C-4CAA-4A4A-922A-40E572351206', '675A8C73-876F-4F76-8029-C9C2254D30F7', '2023-06-20T00:00:00.000Z', 'D');
insert into BANK_TRANSACTION (ACCOUNT_ID, AMOUNT, BANK_TRANSACTION_ID, EXPENSE_CATEGORY_ID, TRANSACTION_DATE, TRANSACTION_TYPE) values ('4003AAC9-E669-4A50-9C2E-29EFCC63CBAA', 1000, '425C6456-C1F6-4B81-B750-4EE5ABCFBDB5', '98A8FE91-9FB1-414D-AED4-21BA7DD4ED7D', '2023-02-01T00:00:00.000Z', 'C');
insert into BANK_TRANSACTION (ACCOUNT_ID, AMOUNT, BANK_TRANSACTION_ID, EXPENSE_CATEGORY_ID, TRANSACTION_DATE, TRANSACTION_TYPE) values ('897C0294-63CB-4C6D-9FBE-B12B74070F1C', 80, '4D1950B5-3FF0-4B9D-A527-5B05E3068BBC', 'A0C5BA7A-F129-483B-89B5-9D231D17F34B', '2023-04-02T00:00:00.000Z', 'D');
insert into BANK_TRANSACTION (ACCOUNT_ID, AMOUNT, BANK_TRANSACTION_ID, EXPENSE_CATEGORY_ID, TRANSACTION_DATE, TRANSACTION_TYPE) values ('8D1B9827-B7CD-4D8D-87D6-16E6BE02D28D', 1000, '73717B09-94CF-40B8-8679-64B159AC8167', '3457351A-34E0-45A2-B4AD-A2581B128617', '2023-06-20T00:00:00.000Z', 'D');
insert into BANK_TRANSACTION (ACCOUNT_ID, AMOUNT, BANK_TRANSACTION_ID, EXPENSE_CATEGORY_ID, TRANSACTION_DATE, TRANSACTION_TYPE) values ('8D1B9827-B7CD-4D8D-87D6-16E6BE02D28D', 450, '044A19B7-B77B-4405-BF83-6B5BA51625F8', '7C9E6679-7425-40DE-944B-E07FC1F90AE7', '2023-10-20T00:00:00.000Z', 'D');
insert into BANK_TRANSACTION (ACCOUNT_ID, AMOUNT, BANK_TRANSACTION_ID, EXPENSE_CATEGORY_ID, TRANSACTION_DATE, TRANSACTION_TYPE) values ('8D1B9827-B7CD-4D8D-87D6-16E6BE02D28D', 50, '991BE157-43C3-4038-A5E3-6B7A7B403050', '7C9E6679-7425-40DE-944B-E07FC1F90AE7', '2023-06-20T00:00:00.000Z', 'D');
insert into BANK_TRANSACTION (ACCOUNT_ID, AMOUNT, BANK_TRANSACTION_ID, EXPENSE_CATEGORY_ID, TRANSACTION_DATE, TRANSACTION_TYPE) values ('8D1B9827-B7CD-4D8D-87D6-16E6BE02D28D', 150, '55894117-5A8E-4B40-838B-7B3F44188D82', '7C9E6679-7425-40DE-944B-E07FC1F90AE7', '2023-11-20T00:00:00.000Z', 'D');
insert into BANK_TRANSACTION (ACCOUNT_ID, AMOUNT, BANK_TRANSACTION_ID, EXPENSE_CATEGORY_ID, TRANSACTION_DATE, TRANSACTION_TYPE) values ('8D1B9827-B7CD-4D8D-87D6-16E6BE02D28D', 80, 'B6B252CB-E55C-43FE-8A2A-81339980E273', '375D9E2C-810A-4835-8374-B04DDACF2EF7', '2023-11-20T00:00:00.000Z', 'D');
insert into BANK_TRANSACTION (ACCOUNT_ID, AMOUNT, BANK_TRANSACTION_ID, EXPENSE_CATEGORY_ID, TRANSACTION_DATE, TRANSACTION_TYPE) values ('8D1B9827-B7CD-4D8D-87D6-16E6BE02D28D', 10, '8DA4861E-C0E3-4C77-870B-85197B79C48A', '375D9E2C-810A-4835-8374-B04DDACF2EF7', '2023-06-20T00:00:00.000Z', 'D');
insert into BANK_TRANSACTION (ACCOUNT_ID, AMOUNT, BANK_TRANSACTION_ID, EXPENSE_CATEGORY_ID, TRANSACTION_DATE, TRANSACTION_TYPE) values ('9C47BCDA-9C9F-4F65-995A-8004A3620EB4', 200, 'FF2C769D-3EA9-43A3-A787-88DF0957AF72', 'C9F6C9FB-F609-4A4C-8A7F-5FD4D3A2B5C4', '2023-03-15T00:00:00.000Z', 'C');
insert into BANK_TRANSACTION (ACCOUNT_ID, AMOUNT, BANK_TRANSACTION_ID, EXPENSE_CATEGORY_ID, TRANSACTION_DATE, TRANSACTION_TYPE) values ('88DA4CF7-09F1-4A06-AC0A-5BCA3857E662', 150, 'A3A5D945-29B8-4607-A95F-8E4C44B73A0F', '98A8FE91-9FB1-414D-AED4-21BA7DD4ED7D', '2023-11-20T00:00:00.000Z', 'D');
insert into BANK_TRANSACTION (ACCOUNT_ID, AMOUNT, BANK_TRANSACTION_ID, EXPENSE_CATEGORY_ID, TRANSACTION_DATE, TRANSACTION_TYPE) values ('8D1B9827-B7CD-4D8D-87D6-16E6BE02D28D', 2250, '8F6BCCE2-31EC-4ECC-955C-91D198AED81A', '6F9619FF-8B86-D011-B42D-00C04FC964FF', '2023-06-20T00:00:00.000Z', 'D');
insert into BANK_TRANSACTION (ACCOUNT_ID, AMOUNT, BANK_TRANSACTION_ID, EXPENSE_CATEGORY_ID, TRANSACTION_DATE, TRANSACTION_TYPE) values ('8D1B9827-B7CD-4D8D-87D6-16E6BE02D28D', 50, '547EBEEA-E701-447D-8F70-9358BCA0A364', '3F2504E0-4F89-11D3-9A0C-0305E82C3301', '2023-01-20T00:00:00.000Z', 'D');
insert into BANK_TRANSACTION (ACCOUNT_ID, AMOUNT, BANK_TRANSACTION_ID, EXPENSE_CATEGORY_ID, TRANSACTION_DATE, TRANSACTION_TYPE) values ('8D1B9827-B7CD-4D8D-87D6-16E6BE02D28D', 800, '866C1B08-7323-4142-BD31-9490E98945AF', '3457351A-34E0-45A2-B4AD-A2581B128617', '2023-11-20T00:00:00.000Z', 'D');
insert into BANK_TRANSACTION (ACCOUNT_ID, AMOUNT, BANK_TRANSACTION_ID, EXPENSE_CATEGORY_ID, TRANSACTION_DATE, TRANSACTION_TYPE) values ('8D1B9827-B7CD-4D8D-87D6-16E6BE02D28D', 70, 'B94E97BD-B301-4434-A535-97B06666B945', '98A8FE91-9FB1-414D-AED4-21BA7DD4ED7D', '2023-10-20T00:00:00.000Z', 'D');
insert into BANK_TRANSACTION (ACCOUNT_ID, AMOUNT, BANK_TRANSACTION_ID, EXPENSE_CATEGORY_ID, TRANSACTION_DATE, TRANSACTION_TYPE) values ('8D1B9827-B7CD-4D8D-87D6-16E6BE02D28D', 25, '562CA769-CB06-4588-9651-9A23DFD9FB99', '375D9E2C-810A-4835-8374-B04DDACF2EF7', '2023-10-20T00:00:00.000Z', 'D');
insert into BANK_TRANSACTION (ACCOUNT_ID, AMOUNT, BANK_TRANSACTION_ID, EXPENSE_CATEGORY_ID, TRANSACTION_DATE, TRANSACTION_TYPE) values ('7193F5CF-8F22-4D56-86B9-114E37A9C5BF', 150, '82E8A26C-BC14-4F90-A113-9AC3E9BFEF81', '6F9619FF-8B86-D011-B42D-00C04FC964FF', '2023-01-15T00:00:00.000Z', 'C');
insert into BANK_TRANSACTION (ACCOUNT_ID, AMOUNT, BANK_TRANSACTION_ID, EXPENSE_CATEGORY_ID, TRANSACTION_DATE, TRANSACTION_TYPE) values ('8D1B9827-B7CD-4D8D-87D6-16E6BE02D28D', 150, '43A92633-4D9A-43AC-8C87-9FCDA61D7333', '375D9E2C-810A-4835-8374-B04DDACF2EF7', '2023-10-20T00:00:00.000Z', 'D');
insert into BANK_TRANSACTION (ACCOUNT_ID, AMOUNT, BANK_TRANSACTION_ID, EXPENSE_CATEGORY_ID, TRANSACTION_DATE, TRANSACTION_TYPE) values ('8D1B9827-B7CD-4D8D-87D6-16E6BE02D28D', 50, 'E08DE25D-A26D-416F-90CD-A5BDFCF38542', '675A8C73-876F-4F76-8029-C9C2254D30F7', '2023-11-20T00:00:00.000Z', 'D');
insert into BANK_TRANSACTION (ACCOUNT_ID, AMOUNT, BANK_TRANSACTION_ID, EXPENSE_CATEGORY_ID, TRANSACTION_DATE, TRANSACTION_TYPE) values ('E24BDEDB-16D2-48F0-9C3E-B6C471689AA6', 75, '83ED0F99-AF5B-4B34-B648-BE5C475B43BD', '3457351A-34E0-45A2-B4AD-A2581B128617', '2023-04-10T00:00:00.000Z', 'C');
insert into BANK_TRANSACTION (ACCOUNT_ID, AMOUNT, BANK_TRANSACTION_ID, EXPENSE_CATEGORY_ID, TRANSACTION_DATE, TRANSACTION_TYPE) values ('88DA4CF7-09F1-4A06-AC0A-5BCA3857E662', 50, '72973AD7-1AF4-46C6-BD9E-DCA7EEF55B57', '98A8FE91-9FB1-414D-AED4-21BA7DD4ED7D', '2023-10-20T00:00:00.000Z', 'D');
insert into BANK_TRANSACTION (ACCOUNT_ID, AMOUNT, BANK_TRANSACTION_ID, EXPENSE_CATEGORY_ID, TRANSACTION_DATE, TRANSACTION_TYPE) values ('15E24EBF-65EB-4B36-93FC-629B4EBABE43', 30, '619BA261-A334-4A0D-8039-E3534CA730FD', '319F4BFA-FABE-4891-880D-431866796E0D', '2023-03-05T00:00:00.000Z', 'D');
insert into BANK_TRANSACTION (ACCOUNT_ID, AMOUNT, BANK_TRANSACTION_ID, EXPENSE_CATEGORY_ID, TRANSACTION_DATE, TRANSACTION_TYPE) values ('9C47BCDA-9C9F-4F65-995A-8004A3620EB4', 200, 'BDD4FC6B-9906-4E7E-BD99-E5120562BC7B', 'C9F6C9FB-F609-4A4C-8A7F-5FD4D3A2B5C4', '2023-03-15T00:00:00.000Z', 'C');
insert into BANK_TRANSACTION (ACCOUNT_ID, AMOUNT, BANK_TRANSACTION_ID, EXPENSE_CATEGORY_ID, TRANSACTION_DATE, TRANSACTION_TYPE) values ('8D1B9827-B7CD-4D8D-87D6-16E6BE02D28D', 700, 'C9C8BC14-07CB-40AC-891B-E5CF45A8A7A3', '6F9619FF-8B86-D011-B42D-00C04FC964FF', '2023-10-20T00:00:00.000Z', 'D');
insert into BANK_TRANSACTION (ACCOUNT_ID, AMOUNT, BANK_TRANSACTION_ID, EXPENSE_CATEGORY_ID, TRANSACTION_DATE, TRANSACTION_TYPE) values ('8D1B9827-B7CD-4D8D-87D6-16E6BE02D28D', 1500, 'FED0AE8F-A647-4B82-9D9D-F0CCA77F9E2C', '3457351A-34E0-45A2-B4AD-A2581B128617', '2023-10-20T00:00:00.000Z', 'D');
insert into BANK_TRANSACTION (ACCOUNT_ID, AMOUNT, BANK_TRANSACTION_ID, EXPENSE_CATEGORY_ID, TRANSACTION_DATE, TRANSACTION_TYPE) values ('8D1B9827-B7CD-4D8D-87D6-16E6BE02D28D', 100, 'A6B98357-2C1F-4543-B3DE-FBF955349734', '375D9E2C-810A-4835-8374-B04DDACF2EF7', '2023-06-20T00:00:00.000Z', 'D');
insert into BANK_TRANSACTION (ACCOUNT_ID, AMOUNT, BANK_TRANSACTION_ID, EXPENSE_CATEGORY_ID, TRANSACTION_DATE, TRANSACTION_TYPE) values ('8D1B9827-B7CD-4D8D-87D6-16E6BE02D28D', 200, '1717D7E9-7792-4ADF-B30C-FDC901F08EF6', 'C9F6C9FB-F609-4A4C-8A7F-5FD4D3A2B5C4', '2023-10-20T00:00:00.000Z', 'D');
insert into BANK_TRANSACTION (ACCOUNT_ID, AMOUNT, BANK_TRANSACTION_ID, EXPENSE_CATEGORY_ID, TRANSACTION_DATE, TRANSACTION_TYPE) values ('8D1B9827-B7CD-4D8D-87D6-16E6BE02D28D', 250, '16C25D0E-A2A2-4C26-A014-FDD111AEEEE9', '319F4BFA-FABE-4891-880D-431866796E0D', '2023-10-20T00:00:00.000Z', 'D');

--BROKER
insert into BROKER (ADDRESS, API_ENDPOINT, BROKER_ID, NAME, PHONE_NUM) values ('Hydrabad', 'http://api.angelone.com', 'F4065E81-B180-49A5-B1B4-1A8C5F359010', 'AngelOne', '4254524');
insert into BROKER (ADDRESS, API_ENDPOINT, BROKER_ID, NAME, PHONE_NUM) values ('456 Oak St', 'http://api.broker2.com', '1E551297-8C39-4BCE-9CE1-3197F118A755', 'BrokerB', '9876543210');
insert into BROKER (ADDRESS, API_ENDPOINT, BROKER_ID, NAME, PHONE_NUM) values ('Mumbai', 'http://api.groww.com', '07BA52A2-0DD4-4D77-8B5E-34F07098FCB9', 'Groww', '345345345');
insert into BROKER (ADDRESS, API_ENDPOINT, BROKER_ID, NAME, PHONE_NUM) values ('123 Main St', 'http://api.broker1.com', '8B75DB4F-3129-4C9E-907D-48D1B10DFE81', 'BrokerA', '1234567890');
insert into BROKER (ADDRESS, API_ENDPOINT, BROKER_ID, NAME, PHONE_NUM) values ('555 Main St', 'http://api.broker6.com', 'FBD00C62-80BA-4C76-822A-55903575E011', 'BrokerF', '66666666');
insert into BROKER (ADDRESS, API_ENDPOINT, BROKER_ID, NAME, PHONE_NUM) values ('789 Pine St', 'http://api.broker3.com', '0CEE6E71-B97D-4A2E-A133-76C2874B3712', 'BrokerC', '5551234567');
insert into BROKER (ADDRESS, API_ENDPOINT, BROKER_ID, NAME, PHONE_NUM) values ('Washington DC', 'http://api.robinhood.com', 'B47C3A55-22EB-46D1-A806-96DFFEC4B0D8', 'Robinhood', '23452345');
insert into BROKER (ADDRESS, API_ENDPOINT, BROKER_ID, NAME, PHONE_NUM) values ('444 Main St', 'http://api.broker5.com', '91A87B66-C9C4-409F-AEBA-A46CBA45CA8A', 'BrokerE', '55555555');
insert into BROKER (ADDRESS, API_ENDPOINT, BROKER_ID, NAME, PHONE_NUM) values ('Banglore', 'http://api.zerodha.com', 'CA0067CE-E9F6-4AE7-9D39-BB5B465D6214', 'Zerodha', '2454353');
insert into BROKER (ADDRESS, API_ENDPOINT, BROKER_ID, NAME, PHONE_NUM) values ('333 Main St', 'http://api.broker4.com', '210AD8ED-C822-4418-B165-EDB504281E45', 'BrokerD', '222222222');

--CLAIM_HISTORY
insert into CLAIM_HISTORY (CLAIM_AMOUNT, CLAIM_DATE, CLAIM_DESCRIPTION, CLAIM_ID, POLICY_ID) values (250, '2023-10-05T00:00:00.000Z', 'Prescription medication', '2565B348-72B2-4012-B079-04DA9A565C74', '7F80891B-4744-444F-B2D0-DB9D2190B82C');
insert into CLAIM_HISTORY (CLAIM_AMOUNT, CLAIM_DATE, CLAIM_DESCRIPTION, CLAIM_ID, POLICY_ID) values (1000, '2023-09-20T00:00:00.000Z', 'Hospitalization costs', 'C51A07C0-1063-4DF4-B7DC-3A76B6AE6B16', 'EAFE5071-120F-46FC-AE0F-CBE76C8CA098');
insert into CLAIM_HISTORY (CLAIM_AMOUNT, CLAIM_DATE, CLAIM_DESCRIPTION, CLAIM_ID, POLICY_ID) values (200, '2023-10-30T00:00:00.000Z', 'Auto insurance claim for repairs', 'E2C1754B-3E99-473B-8311-4F0E95758647', '0810EF84-05F1-4F85-BF42-22DD160C6610');
insert into CLAIM_HISTORY (CLAIM_AMOUNT, CLAIM_DATE, CLAIM_DESCRIPTION, CLAIM_ID, POLICY_ID) values (500, '2023-11-10T00:00:00.000Z', 'Medical expenses for a doctor visit', '2C0725C7-2D32-4C24-8CB0-5F68903B9F05', '4B9690CF-0F4A-43AF-9D7D-981781ECEB33');
insert into CLAIM_HISTORY (CLAIM_AMOUNT, CLAIM_DATE, CLAIM_DESCRIPTION, CLAIM_ID, POLICY_ID) values (175, '2023-08-20T00:00:00.000Z', 'Health insurance claim for consultations', '94AFE5A3-0D89-4459-B74C-7EBBECA9ED73', '838C8B51-605B-4062-AD2A-A9AEB114A893');
insert into CLAIM_HISTORY (CLAIM_AMOUNT, CLAIM_DATE, CLAIM_DESCRIPTION, CLAIM_ID, POLICY_ID) values (300, '2023-07-25T00:00:00.000Z', 'Accidental damage claim for the vehicle', 'DE087348-4AEF-4B73-B7AB-92C64C1337CE', '953EE41B-A09A-4EFE-B7AD-0CB45FFFA678');
insert into CLAIM_HISTORY (CLAIM_AMOUNT, CLAIM_DATE, CLAIM_DESCRIPTION, CLAIM_ID, POLICY_ID) values (400, '2023-11-18T00:00:00.000Z', 'Life insurance policy claim payout', '0B03781B-1A7A-450B-A4E3-93A0A1995EBB', 'D4FE0DBE-36F1-4DAC-8840-A95E5F677516');
insert into CLAIM_HISTORY (CLAIM_AMOUNT, CLAIM_DATE, CLAIM_DESCRIPTION, CLAIM_ID, POLICY_ID) values (1200, '2023-11-05T00:00:00.000Z', 'Life insurance beneficiary claim', '190AD02A-977C-44F6-B27B-AF976F8CDACC', 'BE473AD7-029E-4B33-850C-A755CA4C95C6');
insert into CLAIM_HISTORY (CLAIM_AMOUNT, CLAIM_DATE, CLAIM_DESCRIPTION, CLAIM_ID, POLICY_ID) values (800, '2023-08-15T00:00:00.000Z', 'Life insurance claim payout', 'D01F7F02-80E9-42D2-AFE5-B33E96A07C86', 'F9ADF0FA-76E6-433B-8019-1A885EB64146');
insert into CLAIM_HISTORY (CLAIM_AMOUNT, CLAIM_DATE, CLAIM_DESCRIPTION, CLAIM_ID, POLICY_ID) values (150, '2023-09-12T00:00:00.000Z', 'Medical reimbursement claim', 'A06D42B3-ADA7-48AA-B3D1-D22E680527F6', '62E22B12-5465-4148-AB51-9C76EEB004EA');

--CREDIT_AGENCY
insert into CREDIT_AGENCY (ADDRESS, Agency_ID, CONTACT_EMAIL, CONTACT_NUMBER, MAX_SCORE, Name) values ('101 Office Ln, CityD', '66921305-D465-488A-B6CA-18C1ADADBB6B', 'agency4@example.com', '4567890123', 920, 'CreditAgency4');
insert into CREDIT_AGENCY (ADDRESS, Agency_ID, CONTACT_EMAIL, CONTACT_NUMBER, MAX_SCORE, Name) values ('456 Business Ave, CityB', '96477396-2B08-4FDE-AD99-24B13F1679FF', 'support@crif.com', '2345678901', 800, 'CRIF');
insert into CREDIT_AGENCY (ADDRESS, Agency_ID, CONTACT_EMAIL, CONTACT_NUMBER, MAX_SCORE, Name) values ('123 Residential Rd, CityG', '21754EEA-D59A-48A2-8F59-38D8DA67783E', 'agency7@example.com', '7890123456', 920, 'CreditAgency7');
insert into CREDIT_AGENCY (ADDRESS, Agency_ID, CONTACT_EMAIL, CONTACT_NUMBER, MAX_SCORE, Name) values ('123 Rural Rd, CityJ', 'BF856FA4-76E8-4018-98F9-53A573821303', 'agency10@example.com', '0123456789', 890, 'CreditAgency10');
insert into CREDIT_AGENCY (ADDRESS, Agency_ID, CONTACT_EMAIL, CONTACT_NUMBER, MAX_SCORE, Name) values ('456 Suburban Ave, CityH', '659614DA-F472-4EEF-88AB-91ED9A2CC47C', 'agency8@example.com', '8901234567', 900, 'CreditAgency8');
insert into CREDIT_AGENCY (ADDRESS, Agency_ID, CONTACT_EMAIL, CONTACT_NUMBER, MAX_SCORE, Name) values ('789 Urban Blvd, CityI', '0FDEF9ED-516F-4D88-8951-99CD570F82E5', 'agency9@example.com', '9012345678', 970, 'CreditAgency9');
insert into CREDIT_AGENCY (ADDRESS, Agency_ID, CONTACT_EMAIL, CONTACT_NUMBER, MAX_SCORE, Name) values ('789 Corporate Blvd, CityE', '554BBBF6-B80E-4E75-BD0C-AF58799E29B9', 'agency5@example.com', '5678901234', 980, 'CreditAgency5');
insert into CREDIT_AGENCY (ADDRESS, Agency_ID, CONTACT_EMAIL, CONTACT_NUMBER, MAX_SCORE, Name) values ('789 Commercial Blvd, CityC', 'C05607EC-919E-4BD7-B3D7-B674C8251281', 'contact@cbil.com', '3456789012', 850, 'CBIL');
insert into CREDIT_AGENCY (ADDRESS, Agency_ID, CONTACT_EMAIL, CONTACT_NUMBER, MAX_SCORE, Name) values ('456 Industrial St, CityF', '166789AE-A307-403E-9964-B6AC07558EE9', 'agency6@example.com', '6789012345', 880, 'CreditAgency6');
insert into CREDIT_AGENCY (ADDRESS, Agency_ID, CONTACT_EMAIL, CONTACT_NUMBER, MAX_SCORE, Name) values ('123 Main St, CityA', '5C1DAB87-E998-47B3-A7F5-FFEB56AC4946', 'contact@experian.com', '1234567890', 900, 'Experian');

--CREDIT_CARD
insert into CREDIT_CARD (BANK_ID, CREDIT_CARD_ID, CREDIT_DUE_AMOUNT, CREDIT_LIMIT, DUE_DATE, LAST_FOUR_DIGITS, PAYMENT_DUE_AMOUNT, PROFILE_ID) values ('251B776D-A098-417A-BF85-E3C0252F5192', 'B3E23A59-EF4B-4F4B-B553-02FB55C2E7F3', 7000, 8000, '2023-09-15T00:00:00.000Z', 4567, 1000, 'C3E548AB-4A51-4EE3-AA5D-DA41962A5337');
insert into CREDIT_CARD (BANK_ID, CREDIT_CARD_ID, CREDIT_DUE_AMOUNT, CREDIT_LIMIT, DUE_DATE, LAST_FOUR_DIGITS, PAYMENT_DUE_AMOUNT, PROFILE_ID) values ('19CAC561-8779-4CCA-B5E2-99767F4DE04B', 'BE94B7BC-A286-48E3-8F35-3EF1B1096DB1', 3500, 4000, '2023-06-10T00:00:00.000Z', 2345, 500, '4E3DDAAF-D449-4A69-A067-CAD3E16DE33B');
insert into CREDIT_CARD (BANK_ID, CREDIT_CARD_ID, CREDIT_DUE_AMOUNT, CREDIT_LIMIT, DUE_DATE, LAST_FOUR_DIGITS, PAYMENT_DUE_AMOUNT, PROFILE_ID) values ('8C673E82-2D17-4989-A47C-E852265E2A8A', '8C707F01-928D-46E3-A9F1-4E3AAE98899B', 11000, 12000, '2023-10-01T00:00:00.000Z', 8901, 1000, '901018D7-3567-4AB6-B8D1-E5DAAAB5CBE1');
insert into CREDIT_CARD (BANK_ID, CREDIT_CARD_ID, CREDIT_DUE_AMOUNT, CREDIT_LIMIT, DUE_DATE, LAST_FOUR_DIGITS, PAYMENT_DUE_AMOUNT, PROFILE_ID) values ('98F9B852-56A7-4C99-AAE3-A3E70C836652', '3DBF3263-5EA2-4E9F-AAA7-7F905CB42319', 5500, 6000, '2023-07-20T00:00:00.000Z', 6789, 500, '7A1D533E-F3CF-43B1-80C3-D2E0A496797C');
insert into CREDIT_CARD (BANK_ID, CREDIT_CARD_ID, CREDIT_DUE_AMOUNT, CREDIT_LIMIT, DUE_DATE, LAST_FOUR_DIGITS, PAYMENT_DUE_AMOUNT, PROFILE_ID) values ('2591041F-15A0-411C-B124-3A1C58A2835C', '13C01D47-CB80-480C-811F-9F27FC39AE49', 600, 7000, '2023-03-05T00:00:00.000Z', 9012, 100, '00AF2991-BA9C-4F5E-B47E-48CF7B4F4636');
insert into CREDIT_CARD (BANK_ID, CREDIT_CARD_ID, CREDIT_DUE_AMOUNT, CREDIT_LIMIT, DUE_DATE, LAST_FOUR_DIGITS, PAYMENT_DUE_AMOUNT, PROFILE_ID) values ('C4F28668-2DA8-4E70-A4C3-D939CC9913BA', '3320ECD6-2A90-4C9F-958D-ACCB8140FBAD', 2800, 3500, '2023-08-05T00:00:00.000Z', 123, 700, 'E830612A-C860-4E5D-9BE6-D99F1655CDFF');
insert into CREDIT_CARD (BANK_ID, CREDIT_CARD_ID, CREDIT_DUE_AMOUNT, CREDIT_LIMIT, DUE_DATE, LAST_FOUR_DIGITS, PAYMENT_DUE_AMOUNT, PROFILE_ID) values ('3BF6E349-94BA-457B-952E-2055FD6B3559', '1ED99211-63CE-4464-AAF9-C325CFA42A17', 450, 5000, '2023-01-25T00:00:00.000Z', 1234, 50, 'B1414123-C231-41AA-A0E5-03B4AE5E9690');
insert into CREDIT_CARD (BANK_ID, CREDIT_CARD_ID, CREDIT_DUE_AMOUNT, CREDIT_LIMIT, DUE_DATE, LAST_FOUR_DIGITS, PAYMENT_DUE_AMOUNT, PROFILE_ID) values ('6F6D167C-C54F-46E4-9DFC-351A8558F8C8', '696CAAA0-9C1E-4129-814D-E0B9997ADAED', 200, 3000, '2023-02-10T00:00:00.000Z', 5678, 100, 'D8550A0C-2856-4766-9462-43E7EC1EF080');
insert into CREDIT_CARD (BANK_ID, CREDIT_CARD_ID, CREDIT_DUE_AMOUNT, CREDIT_LIMIT, DUE_DATE, LAST_FOUR_DIGITS, PAYMENT_DUE_AMOUNT, PROFILE_ID) values ('12F35345-959A-4910-B164-4CB1A958BE59', 'E3279935-1F5A-4D95-A007-E7A62AD7327C', 900, 10000, '2023-04-15T00:00:00.000Z', 3456, 100, '707339BF-F710-4F98-9DCE-51CEA7AAC46E');
insert into CREDIT_CARD (BANK_ID, CREDIT_CARD_ID, CREDIT_DUE_AMOUNT, CREDIT_LIMIT, DUE_DATE, LAST_FOUR_DIGITS, PAYMENT_DUE_AMOUNT, PROFILE_ID) values ('069EDE5E-D360-4063-BC78-5F1E38D9D6BD', '4BA87E15-E662-4797-AE28-F192AB69F6BF', 1800, 2500, '2023-05-01T00:00:00.000Z', 7890, 700, '5EED8949-7E6A-4CE8-AA04-AE2143AB50C2');

--CREDIT_CARD_TRANSACTION
insert into CREDIT_CARD_TRANSACTION (AMOUNT, CC_TRANSACTION_ID, CREDIT_CARD_ID, EXPENSE_CATEGORY_ID, TRANSACTION_DATE, TRANSACTION_TYPE) values (-30, '1D54C8CF-5ACE-4079-88B0-01435AB842CA', '13C01D47-CB80-480C-811F-9F27FC39AE49', 'C9F6C9FB-F609-4A4C-8A7F-5FD4D3A2B5C4', '2023-03-05T00:00:00.000Z', 'W');
insert into CREDIT_CARD_TRANSACTION (AMOUNT, CC_TRANSACTION_ID, CREDIT_CARD_ID, EXPENSE_CATEGORY_ID, TRANSACTION_DATE, TRANSACTION_TYPE) values (-30, '16706C9C-7AE6-4D86-8733-070BD9312FA0', '13C01D47-CB80-480C-811F-9F27FC39AE49', 'C9F6C9FB-F609-4A4C-8A7F-5FD4D3A2B5C4', '2023-03-05T00:00:00.000Z', 'P');
insert into CREDIT_CARD_TRANSACTION (AMOUNT, CC_TRANSACTION_ID, CREDIT_CARD_ID, EXPENSE_CATEGORY_ID, TRANSACTION_DATE, TRANSACTION_TYPE) values (200, 'FEB9C5C4-9256-4D3F-B1B5-0F3C4C722F23', '3320ECD6-2A90-4C9F-958D-ACCB8140FBAD', 'A0C5BA7A-F129-483B-89B5-9D231D17F34B', '2023-03-15T00:00:00.000Z', 'P');
insert into CREDIT_CARD_TRANSACTION (AMOUNT, CC_TRANSACTION_ID, CREDIT_CARD_ID, EXPENSE_CATEGORY_ID, TRANSACTION_DATE, TRANSACTION_TYPE) values (200, '8AA93C96-83AC-4CEF-95F7-732089941CB8', '3320ECD6-2A90-4C9F-958D-ACCB8140FBAD', 'A0C5BA7A-F129-483B-89B5-9D231D17F34B', '2023-03-15T00:00:00.000Z', 'D');
insert into CREDIT_CARD_TRANSACTION (AMOUNT, CC_TRANSACTION_ID, CREDIT_CARD_ID, EXPENSE_CATEGORY_ID, TRANSACTION_DATE, TRANSACTION_TYPE) values (-50, 'A8F73FBB-678F-4B25-AA19-A6162F335FBB', 'BE94B7BC-A286-48E3-8F35-3EF1B1096DB1', '3F2504E0-4F89-11D3-9A0C-0305E82C3301', '2023-01-20T00:00:00.000Z', 'W');
insert into CREDIT_CARD_TRANSACTION (AMOUNT, CC_TRANSACTION_ID, CREDIT_CARD_ID, EXPENSE_CATEGORY_ID, TRANSACTION_DATE, TRANSACTION_TYPE) values (-80, '1D703DFE-F40A-40FA-82D2-ADA75AC0D8DB', '1ED99211-63CE-4464-AAF9-C325CFA42A17', '3457351A-34E0-45A2-B4AD-A2581B128617', '2023-04-02T00:00:00.000Z', 'W');
insert into CREDIT_CARD_TRANSACTION (AMOUNT, CC_TRANSACTION_ID, CREDIT_CARD_ID, EXPENSE_CATEGORY_ID, TRANSACTION_DATE, TRANSACTION_TYPE) values (-25, '048CCB46-10A8-4CA8-8C05-B4652207755C', 'E3279935-1F5A-4D95-A007-E7A62AD7327C', '7FFA0668-61BE-4AC5-B4DC-B94019B7DF51', '2023-05-03T00:00:00.000Z', 'W');
insert into CREDIT_CARD_TRANSACTION (AMOUNT, CC_TRANSACTION_ID, CREDIT_CARD_ID, EXPENSE_CATEGORY_ID, TRANSACTION_DATE, TRANSACTION_TYPE) values (-150, '4552CCD7-F764-47D6-95C3-B6DF5609819D', '4BA87E15-E662-4797-AE28-F192AB69F6BF', '675A8C73-876F-4F76-8029-C9C2254D30F7', '2023-05-20T00:00:00.000Z', 'P');
insert into CREDIT_CARD_TRANSACTION (AMOUNT, CC_TRANSACTION_ID, CREDIT_CARD_ID, EXPENSE_CATEGORY_ID, TRANSACTION_DATE, TRANSACTION_TYPE) values (-200, '73F831C7-2C2E-463A-9AC1-BD2C6C0FF0CA', '3DBF3263-5EA2-4E9F-AAA7-7F905CB42319', '319F4BFA-FABE-4891-880D-431866796E0D', '2023-02-10T00:00:00.000Z', 'w');
insert into CREDIT_CARD_TRANSACTION (AMOUNT, CC_TRANSACTION_ID, CREDIT_CARD_ID, EXPENSE_CATEGORY_ID, TRANSACTION_DATE, TRANSACTION_TYPE) values (-200, '0E758E53-8113-4846-A3A6-E586DBC751F6', '3DBF3263-5EA2-4E9F-AAA7-7F905CB42319', '319F4BFA-FABE-4891-880D-431866796E0D', '2023-02-10T00:00:00.000Z', 'D');
insert into CREDIT_CARD_TRANSACTION (AMOUNT, CC_TRANSACTION_ID, CREDIT_CARD_ID, EXPENSE_CATEGORY_ID, TRANSACTION_DATE, TRANSACTION_TYPE) values (150, '53C9AAA7-D07F-4B90-9767-E848224D4AA2', 'B3E23A59-EF4B-4F4B-B553-02FB55C2E7F3', '6F9619FF-8B86-D011-B42D-00C04FC964FF', '2023-01-15T00:00:00.000Z', 'D');
insert into CREDIT_CARD_TRANSACTION (AMOUNT, CC_TRANSACTION_ID, CREDIT_CARD_ID, EXPENSE_CATEGORY_ID, TRANSACTION_DATE, TRANSACTION_TYPE) values (75, 'EFCC78B4-435D-4CA1-AF0C-E88ACF7B5C8B', '696CAAA0-9C1E-4129-814D-E0B9997ADAED', '375D9E2C-810A-4835-8374-B04DDACF2EF7', '2023-04-10T00:00:00.000Z', 'D');

--CREDIT_HISTORY
insert into CREDIT_HISTORY (Credit_History_Id, Credit_Id, Credit_Score, DATE) values ('3BDC71A5-6498-442E-8BA7-02D77681A2DC', '8545FD5E-01B1-44B1-9511-169669D63FB6', 695, '2023-10-02T00:00:00.000Z');
insert into CREDIT_HISTORY (Credit_History_Id, Credit_Id, Credit_Score, DATE) values ('1D64435A-0556-420A-8B0E-14DC5FD123A0', '8545FD5E-01B1-44B1-9511-169669D63FB6', 714, '2023-08-22T00:00:00.000Z');
insert into CREDIT_HISTORY (Credit_History_Id, Credit_Id, Credit_Score, DATE) values ('0E3D2928-E54D-4506-82C9-3373738BF3D4', 'FD1CF4DF-4483-4F27-BE8F-1FAB85A0F07B', 700, '2023-11-06T00:00:00.000Z');
insert into CREDIT_HISTORY (Credit_History_Id, Credit_Id, Credit_Score, DATE) values ('0E28B6CC-7967-4A29-8EDF-3C867305CABA', '36B740AE-DBAD-4125-B8C1-D26FCC2DFBCB', 780, '2023-06-04T00:00:00.000Z');
insert into CREDIT_HISTORY (Credit_History_Id, Credit_Id, Credit_Score, DATE) values ('B96C804C-1EB2-4BBA-861E-45F402974740', '36B740AE-DBAD-4125-B8C1-D26FCC2DFBCB', 767, '2023-06-25T00:00:00.000Z');
insert into CREDIT_HISTORY (Credit_History_Id, Credit_Id, Credit_Score, DATE) values ('006FD2C6-0290-43C4-B126-4E2CC8F293CA', '36B740AE-DBAD-4125-B8C1-D26FCC2DFBCB', 780, '2023-07-22T00:00:00.000Z');
insert into CREDIT_HISTORY (Credit_History_Id, Credit_Id, Credit_Score, DATE) values ('B26405A0-26D3-4432-BCAE-6760B65748D9', '36B740AE-DBAD-4125-B8C1-D26FCC2DFBCB', 820, '2023-08-24T00:00:00.000Z');
insert into CREDIT_HISTORY (Credit_History_Id, Credit_Id, Credit_Score, DATE) values ('7D404EB5-50D5-4432-BAE3-6C721B190D22', '8545FD5E-01B1-44B1-9511-169669D63FB6', 710, '2023-09-02T00:00:00.000Z');
insert into CREDIT_HISTORY (Credit_History_Id, Credit_Id, Credit_Score, DATE) values ('B9E875BC-88F2-49CC-ACE1-7E17958332B4', '36B740AE-DBAD-4125-B8C1-D26FCC2DFBCB', 820, '2023-09-23T00:00:00.000Z');
insert into CREDIT_HISTORY (Credit_History_Id, Credit_Id, Credit_Score, DATE) values ('D2097BD2-F161-444D-BAEF-B421651EF0BD', '8545FD5E-01B1-44B1-9511-169669D63FB6', 699, '2023-09-20T00:00:00.000Z');
insert into CREDIT_HISTORY (Credit_History_Id, Credit_Id, Credit_Score, DATE) values ('17817988-AB96-4D9D-A0CF-CAF255B02F89', '36B740AE-DBAD-4125-B8C1-D26FCC2DFBCB', 760, '2023-07-04T00:00:00.000Z');
insert into CREDIT_HISTORY (Credit_History_Id, Credit_Id, Credit_Score, DATE) values ('867D1454-0B3C-4452-9C77-CCCCEECFBA99', '36B740AE-DBAD-4125-B8C1-D26FCC2DFBCB', 804, '2023-08-04T00:00:00.000Z');
insert into CREDIT_HISTORY (Credit_History_Id, Credit_Id, Credit_Score, DATE) values ('77A3A25C-7F35-4A79-AA48-E39AC0F9B32E', '8545FD5E-01B1-44B1-9511-169669D63FB6', 720, '2023-07-20T00:00:00.000Z');
insert into CREDIT_HISTORY (Credit_History_Id, Credit_Id, Credit_Score, DATE) values ('604115C9-8660-4BF1-819E-E4A78208F695', '8545FD5E-01B1-44B1-9511-169669D63FB6', 717, '2023-08-03T00:00:00.000Z');
insert into CREDIT_HISTORY (Credit_History_Id, Credit_Id, Credit_Score, DATE) values ('BBC688AC-E754-408B-BD71-EAA9ADAF5E2D', '36B740AE-DBAD-4125-B8C1-D26FCC2DFBCB', 824, '2023-09-04T00:00:00.000Z');

--CREDIT_INFO
insert into CREDIT_INFO (Agency_ID, CURRENT_SCORE, PROFILE_ID, REPORT_DATE, REPORT_FILE, SCORE_DATE, User_Credit_Scored_ID) values ('C05607EC-919E-4BD7-B3D7-B674C8251281', 689, '5EED8949-7E6A-4CE8-AA04-AE2143AB50C2', '2023-10-18T00:00:00.000Z', 'This is the content of the file.', '2023-11-02T00:00:00.000Z', '8545FD5E-01B1-44B1-9511-169669D63FB6');
insert into CREDIT_INFO (Agency_ID, CURRENT_SCORE, PROFILE_ID, REPORT_DATE, REPORT_FILE, SCORE_DATE, User_Credit_Scored_ID) values ('96477396-2B08-4FDE-AD99-24B13F1679FF', 704, 'D8550A0C-2856-4766-9462-43E7EC1EF080', '2023-11-24T00:00:00.000Z', 'This is the content of the file.', '2023-11-28T00:00:00.000Z', 'FD1CF4DF-4483-4F27-BE8F-1FAB85A0F07B');
insert into CREDIT_INFO (Agency_ID, CURRENT_SCORE, PROFILE_ID, REPORT_DATE, REPORT_FILE, SCORE_DATE, User_Credit_Scored_ID) values ('66921305-D465-488A-B6CA-18C1ADADBB6B', 900, 'B1414123-C231-41AA-A0E5-03B4AE5E9690', '2023-11-05T00:00:00.000Z', 'This is the content of the file.', '2023-11-15T00:00:00.000Z', '37FB5644-BF65-416E-9FF7-325E0CBF000A');
insert into CREDIT_INFO (Agency_ID, CURRENT_SCORE, PROFILE_ID, REPORT_DATE, REPORT_FILE, SCORE_DATE, User_Credit_Scored_ID) values ('C05607EC-919E-4BD7-B3D7-B674C8251281', 776, 'E830612A-C860-4E5D-9BE6-D99F1655CDFF', '2023-08-10T00:00:00.000Z', 'This is the content of the file.', '2023-08-12T00:00:00.000Z', 'D229401F-402F-4F4E-B5C7-39CC5D99D222');
insert into CREDIT_INFO (Agency_ID, CURRENT_SCORE, PROFILE_ID, REPORT_DATE, REPORT_FILE, SCORE_DATE, User_Credit_Scored_ID) values ('96477396-2B08-4FDE-AD99-24B13F1679FF', 730, '7A1D533E-F3CF-43B1-80C3-D2E0A496797C', '2023-10-23T00:00:00.000Z', 'This is the content of the file.', '2023-11-10T00:00:00.000Z', 'BDE8CF37-1F60-449D-A7A0-606EA751A27B');
insert into CREDIT_INFO (Agency_ID, CURRENT_SCORE, PROFILE_ID, REPORT_DATE, REPORT_FILE, SCORE_DATE, User_Credit_Scored_ID) values ('66921305-D465-488A-B6CA-18C1ADADBB6B', 900, '5A768E55-7AD1-475E-84A9-65362C46EF2B', '2023-11-05T00:00:00.000Z', 'This is the content of the file.', '2023-11-15T00:00:00.000Z', 'D8CE90E5-F1A8-4E7C-97CA-70F93470C545');
insert into CREDIT_INFO (Agency_ID, CURRENT_SCORE, PROFILE_ID, REPORT_DATE, REPORT_FILE, SCORE_DATE, User_Credit_Scored_ID) values ('BF856FA4-76E8-4018-98F9-53A573821303', 850, '707339BF-F710-4F98-9DCE-51CEA7AAC46E', '2023-10-15T00:00:00.000Z', 'This is the content of the file.', '2023-10-26T00:00:00.000Z', 'CD6276E3-FD35-4998-8FC2-787CA75E98DD');
insert into CREDIT_INFO (Agency_ID, CURRENT_SCORE, PROFILE_ID, REPORT_DATE, REPORT_FILE, SCORE_DATE, User_Credit_Scored_ID) values ('21754EEA-D59A-48A2-8F59-38D8DA67783E', 890, '00AF2991-BA9C-4F5E-B47E-48CF7B4F4636', '2023-10-06T00:00:00.000Z', 'This is the content of the file.', '2023-10-09T00:00:00.000Z', '4A683E36-C777-4F91-96F3-8B3E3088ACE4');
insert into CREDIT_INFO (Agency_ID, CURRENT_SCORE, PROFILE_ID, REPORT_DATE, REPORT_FILE, SCORE_DATE, User_Credit_Scored_ID) values ('5C1DAB87-E998-47B3-A7F5-FFEB56AC4946', 434, '901018D7-3567-4AB6-B8D1-E5DAAAB5CBE1', '2023-10-20T00:00:00.000Z', 'This is the content of the file.', '2023-10-26T00:00:00.000Z', '6E7038D6-5952-47F2-B064-9FD7517118EF');
insert into CREDIT_INFO (Agency_ID, CURRENT_SCORE, PROFILE_ID, REPORT_DATE, REPORT_FILE, SCORE_DATE, User_Credit_Scored_ID) values ('96477396-2B08-4FDE-AD99-24B13F1679FF', 745, 'B1414123-C231-41AA-A0E5-03B4AE5E9690', '2023-11-03T00:00:00.000Z', 'This is the content of the file.', '2023-11-15T00:00:00.000Z', 'C8A53ED1-6DB9-4A1B-A692-B4923858A028');
insert into CREDIT_INFO (Agency_ID, CURRENT_SCORE, PROFILE_ID, REPORT_DATE, REPORT_FILE, SCORE_DATE, User_Credit_Scored_ID) values ('5C1DAB87-E998-47B3-A7F5-FFEB56AC4946', 834, 'B1414123-C231-41AA-A0E5-03B4AE5E9690', '2023-10-10T00:00:00.000Z', 'This is the content of the file.', '2023-11-01T00:00:00.000Z', '36B740AE-DBAD-4125-B8C1-D26FCC2DFBCB');
insert into CREDIT_INFO (Agency_ID, CURRENT_SCORE, PROFILE_ID, REPORT_DATE, REPORT_FILE, SCORE_DATE, User_Credit_Scored_ID) values ('5C1DAB87-E998-47B3-A7F5-FFEB56AC4946', 900, '4E3DDAAF-D449-4A69-A067-CAD3E16DE33B', '2023-09-03T00:00:00.000Z', 'This is the content of the file.', '2023-09-12T00:00:00.000Z', '81498D5E-8969-4E5C-AD54-D72A352E8729');
insert into CREDIT_INFO (Agency_ID, CURRENT_SCORE, PROFILE_ID, REPORT_DATE, REPORT_FILE, SCORE_DATE, User_Credit_Scored_ID) values ('5C1DAB87-E998-47B3-A7F5-FFEB56AC4946', 850, 'C3E548AB-4A51-4EE3-AA5D-DA41962A5337', '2023-09-10T00:00:00.000Z', 'This is the content of the file.', '2023-09-29T00:00:00.000Z', '90904EFB-B9F8-4234-868B-EE400389FF7A');
insert into CREDIT_INFO (Agency_ID, CURRENT_SCORE, PROFILE_ID, REPORT_DATE, REPORT_FILE, SCORE_DATE, User_Credit_Scored_ID) values ('C05607EC-919E-4BD7-B3D7-B674C8251281', 779, '4E3DDAAF-D449-4A69-A067-CAD3E16DE33B', '2023-11-05T00:00:00.000Z', 'This is the content of the file.', '2023-11-10T00:00:00.000Z', '3979C02C-2618-4CDD-9AEF-F682FB952D65');

--EXPENSE_CATEGORY
insert into EXPENSE_CATEGORY (DESCRIPTION, EXPENSE_CATEGORY_ID, NAME, URL) values ('XYZ', '6F9619FF-8B86-D011-B42D-00C04FC964FF', 'Investment', 'https://example.com/investments');
insert into EXPENSE_CATEGORY (DESCRIPTION, EXPENSE_CATEGORY_ID, NAME, URL) values ('utilities', '3F2504E0-4F89-11D3-9A0C-0305E82C3301', 'Utilities', 'https://example.com/utilities');
insert into EXPENSE_CATEGORY (DESCRIPTION, EXPENSE_CATEGORY_ID, NAME, URL) values ('JBJS', '98A8FE91-9FB1-414D-AED4-21BA7DD4ED7D', 'Groceries', 'https://example.com/groceries');
insert into EXPENSE_CATEGORY (DESCRIPTION, EXPENSE_CATEGORY_ID, NAME, URL) values ('Home Cost', '319F4BFA-FABE-4891-880D-431866796E0D', 'Home Improvement', 'https://example.com/home-improvement');
insert into EXPENSE_CATEGORY (DESCRIPTION, EXPENSE_CATEGORY_ID, NAME, URL) values ('concerts', 'C9F6C9FB-F609-4A4C-8A7F-5FD4D3A2B5C4', 'Entertainment', 'https://example.com/entertainment');
insert into EXPENSE_CATEGORY (DESCRIPTION, EXPENSE_CATEGORY_ID, NAME, URL) values ('education', 'A0C5BA7A-F129-483B-89B5-9D231D17F34B', 'Education', 'https://example.com/education');
insert into EXPENSE_CATEGORY (DESCRIPTION, EXPENSE_CATEGORY_ID, NAME, URL) values ('healthcare expenses', '3457351A-34E0-45A2-B4AD-A2581B128617', 'Healthcare', 'https://example.com/healthcare');
insert into EXPENSE_CATEGORY (DESCRIPTION, EXPENSE_CATEGORY_ID, NAME, URL) values ('clothing', '375D9E2C-810A-4835-8374-B04DDACF2EF7', 'Clothing', 'https://example.com/clothing');
insert into EXPENSE_CATEGORY (DESCRIPTION, EXPENSE_CATEGORY_ID, NAME, URL) values ('Other miscellaneous expenses', '7FFA0668-61BE-4AC5-B4DC-B94019B7DF51', 'Miscellaneous', 'https://example.com/miscellaneous');
insert into EXPENSE_CATEGORY (DESCRIPTION, EXPENSE_CATEGORY_ID, NAME, URL) values ('travel', '675A8C73-876F-4F76-8029-C9C2254D30F7', 'Transportation', 'https://example.com/transportation');
insert into EXPENSE_CATEGORY (DESCRIPTION, EXPENSE_CATEGORY_ID, NAME, URL) values ('eateries', '7C9E6679-7425-40DE-944B-E07FC1F90AE7', 'Dining Out', 'https://example.com/dining-out');

--FINANCIAL_GOALS
insert into FINANCIAL_GOALS (GOAL_DESCRIPTION, GOAL_ID, GOAL_NAME, PROFILE_ID, START_DATE, TARGET_AMOUNT, TARGET_DATE) values ('Plan a dream vacation', '03341526-9485-4BFF-9500-139959697B65', 'Vacation', 'D8550A0C-2856-4766-9462-43E7EC1EF080', '2023-12-15T00:00:00.000Z', 10000, '2024-06-30T00:00:00.000Z');
insert into FINANCIAL_GOALS (GOAL_DESCRIPTION, GOAL_ID, GOAL_NAME, PROFILE_ID, START_DATE, TARGET_AMOUNT, TARGET_DATE) values ('Save for unexpected expenses', '1674FF47-68B8-4687-99C2-38AF958655C4', 'Emergency Fund', 'C3E548AB-4A51-4EE3-AA5D-DA41962A5337', '2023-12-01T00:00:00.000Z', 5000, '2024-12-31T00:00:00.000Z');
insert into FINANCIAL_GOALS (GOAL_DESCRIPTION, GOAL_ID, GOAL_NAME, PROFILE_ID, START_DATE, TARGET_AMOUNT, TARGET_DATE) values ('Save for unexpected expenses', '3BF6FA30-AA46-4259-97F2-443A638074B0', 'Emergency Fund', 'B1414123-C231-41AA-A0E5-03B4AE5E9690', '2023-12-01T00:00:00.000Z', 5000, '2024-12-31T00:00:00.000Z');
insert into FINANCIAL_GOALS (GOAL_DESCRIPTION, GOAL_ID, GOAL_NAME, PROFILE_ID, START_DATE, TARGET_AMOUNT, TARGET_DATE) values ('Save for unexpected expenses', '648FF503-E711-40D5-9CCF-7091DAD84D2B', 'Emergency Fund', '4E3DDAAF-D449-4A69-A067-CAD3E16DE33B', '2023-12-01T00:00:00.000Z', 5000, '2024-12-31T00:00:00.000Z');
insert into FINANCIAL_GOALS (GOAL_DESCRIPTION, GOAL_ID, GOAL_NAME, PROFILE_ID, START_DATE, TARGET_AMOUNT, TARGET_DATE) values ('Plan a dream vacation', 'A6CA5E87-FBF5-4820-AD8A-7CBEAEE1460A', 'Vacation', '707339BF-F710-4F98-9DCE-51CEA7AAC46E', '2023-12-15T00:00:00.000Z', 10000, '2024-06-30T00:00:00.000Z');
insert into FINANCIAL_GOALS (GOAL_DESCRIPTION, GOAL_ID, GOAL_NAME, PROFILE_ID, START_DATE, TARGET_AMOUNT, TARGET_DATE) values ('Save for unexpected expenses', 'F3A45EB0-B5D0-480B-AA14-99F52239B551', 'Emergency Fund', '00AF2991-BA9C-4F5E-B47E-48CF7B4F4636', '2023-12-01T00:00:00.000Z', 5000, '2024-12-31T00:00:00.000Z');
insert into FINANCIAL_GOALS (GOAL_DESCRIPTION, GOAL_ID, GOAL_NAME, PROFILE_ID, START_DATE, TARGET_AMOUNT, TARGET_DATE) values ('Save for a new home', '1EB3497D-17A0-46C7-B9A2-A359AB890992', 'Home Purchase', '7A1D533E-F3CF-43B1-80C3-D2E0A496797C', '2024-01-01T00:00:00.000Z', 150000, '2025-12-31T00:00:00.000Z');
insert into FINANCIAL_GOALS (GOAL_DESCRIPTION, GOAL_ID, GOAL_NAME, PROFILE_ID, START_DATE, TARGET_AMOUNT, TARGET_DATE) values ('Save for a new home', '5B1CBF8F-B0BC-4CF9-83B3-A43B9FDA7B52', 'Home Purchase', 'E830612A-C860-4E5D-9BE6-D99F1655CDFF', '2024-01-01T00:00:00.000Z', 150000, '2025-12-31T00:00:00.000Z');
insert into FINANCIAL_GOALS (GOAL_DESCRIPTION, GOAL_ID, GOAL_NAME, PROFILE_ID, START_DATE, TARGET_AMOUNT, TARGET_DATE) values ('Plan a dream vacation', '7BD6BE44-7B01-40C3-81A2-CD14219497E2', 'Vacation', '5EED8949-7E6A-4CE8-AA04-AE2143AB50C2', '2023-12-15T00:00:00.000Z', 10000, '2024-06-30T00:00:00.000Z');
insert into FINANCIAL_GOALS (GOAL_DESCRIPTION, GOAL_ID, GOAL_NAME, PROFILE_ID, START_DATE, TARGET_AMOUNT, TARGET_DATE) values ('Save for a new home', 'AC2B2065-597E-4291-B8CC-D6039B2BB987', 'Home Purchase', '901018D7-3567-4AB6-B8D1-E5DAAAB5CBE1', '2024-01-01T00:00:00.000Z', 150000, '2025-12-31T00:00:00.000Z');

--GOAL_PROGRESS
insert into GOAL_PROGRESS (AMOUNT, CURRENT_AMOUNT, DATE, GOAL_ID, PROGRESS_ID) values (200, 200, '2023-11-27T00:00:00.000Z', '5B1CBF8F-B0BC-4CF9-83B3-A43B9FDA7B52', '48F61760-5ABD-4864-898E-0034EFF3DD56');
insert into GOAL_PROGRESS (AMOUNT, CURRENT_AMOUNT, DATE, GOAL_ID, PROGRESS_ID) values (200, 10, '2023-11-27T00:00:00.000Z', '03341526-9485-4BFF-9500-139959697B65', '51275916-AB27-4969-80E6-2241CFA7437A');
insert into GOAL_PROGRESS (AMOUNT, CURRENT_AMOUNT, DATE, GOAL_ID, PROGRESS_ID) values (500, 12, '2023-11-27T00:00:00.000Z', '1EB3497D-17A0-46C7-B9A2-A359AB890992', 'E158E6C5-4F14-41BB-A705-277AFA514312');
insert into GOAL_PROGRESS (AMOUNT, CURRENT_AMOUNT, DATE, GOAL_ID, PROGRESS_ID) values (500, 10, '2023-11-27T00:00:00.000Z', 'A6CA5E87-FBF5-4820-AD8A-7CBEAEE1460A', 'E042C991-31F6-4DE2-8022-427BC79AFAD1');
insert into GOAL_PROGRESS (AMOUNT, CURRENT_AMOUNT, DATE, GOAL_ID, PROGRESS_ID) values (200, 20, '2023-11-27T00:00:00.000Z', '3BF6FA30-AA46-4259-97F2-443A638074B0', '7D2C9174-DE69-4937-AB99-72CFF9EFE5A9');
insert into GOAL_PROGRESS (AMOUNT, CURRENT_AMOUNT, DATE, GOAL_ID, PROGRESS_ID) values (1000, 500, '2023-11-27T00:00:00.000Z', 'AC2B2065-597E-4291-B8CC-D6039B2BB987', '7BC37814-5A1B-494B-9063-844A6D07B63D');
insert into GOAL_PROGRESS (AMOUNT, CURRENT_AMOUNT, DATE, GOAL_ID, PROGRESS_ID) values (500, 500, '2023-11-27T00:00:00.000Z', '1674FF47-68B8-4687-99C2-38AF958655C4', 'ABE632A6-AE48-4F90-9A92-B3068F7D2858');
insert into GOAL_PROGRESS (AMOUNT, CURRENT_AMOUNT, DATE, GOAL_ID, PROGRESS_ID) values (500, 0, '2023-11-27T00:00:00.000Z', '648FF503-E711-40D5-9CCF-7091DAD84D2B', 'CF963DFF-9162-4327-A93A-B5E9BFA58192');
insert into GOAL_PROGRESS (AMOUNT, CURRENT_AMOUNT, DATE, GOAL_ID, PROGRESS_ID) values (5000, 500, '2023-11-27T00:00:00.000Z', '7BD6BE44-7B01-40C3-81A2-CD14219497E2', '81F2BCCD-C462-4DFE-9E91-C6B33171E3E4');
insert into GOAL_PROGRESS (AMOUNT, CURRENT_AMOUNT, DATE, GOAL_ID, PROGRESS_ID) values (200, 6, '2023-11-27T00:00:00.000Z', 'F3A45EB0-B5D0-480B-AA14-99F52239B551', '41735CAB-8971-4C03-9F60-C85CEA25A4B8');

--HEALTH_INSURANCE
insert into HEALTH_INSURANCE (COVERAGE_TYPE, DEDUCTIBLE, HEALTH_POLICY_ID) values ('Standard', 500, '4B9690CF-0F4A-43AF-9D7D-981781ECEB33');
insert into HEALTH_INSURANCE (COVERAGE_TYPE, DEDUCTIBLE, HEALTH_POLICY_ID) values ('Basic', 750, '62E22B12-5465-4148-AB51-9C76EEB004EA');
insert into HEALTH_INSURANCE (COVERAGE_TYPE, DEDUCTIBLE, HEALTH_POLICY_ID) values ('Premium', 300, '838C8B51-605B-4062-AD2A-A9AEB114A893');
insert into HEALTH_INSURANCE (COVERAGE_TYPE, DEDUCTIBLE, HEALTH_POLICY_ID) values ('Standard', 500, 'EAFE5071-120F-46FC-AE0F-CBE76C8CA098');
insert into HEALTH_INSURANCE (COVERAGE_TYPE, DEDUCTIBLE, HEALTH_POLICY_ID) values ('Basic', 750, '7F80891B-4744-444F-B2D0-DB9D2190B82C');

--INSTALLMENTS
insert into INSTALLMENTS (DUE_AMOUNT, DUE_DATE, INSTALLMENT_ID, LOAN_ID, PAID_DATE, PAYMENT_AMOUT, PAYMENT_METHOD) values (68.6543, '2023-11-01T00:00:00.000Z', '373930FB-AC4F-4C35-97A0-05F307CFE842', 'A4D81E50-7DB5-45C4-B96E-06193BA41C8E', '2023-11-24T00:00:00.000Z', 68.6543, 'Online');
insert into INSTALLMENTS (DUE_AMOUNT, DUE_DATE, INSTALLMENT_ID, LOAN_ID, PAID_DATE, PAYMENT_AMOUT, PAYMENT_METHOD) values (163.2476, '2021-12-01T00:00:00.000Z', 'FE55C8D3-D032-4913-A301-14725DE05350', '4ADA731A-843F-4B38-A427-E3D0BF9E4419', '2021-12-01T00:00:00.000Z', 163.2476, 'Online Payment');
insert into INSTALLMENTS (DUE_AMOUNT, DUE_DATE, INSTALLMENT_ID, LOAN_ID, PAID_DATE, PAYMENT_AMOUT, PAYMENT_METHOD) values (68.6543, '2023-04-01T00:00:00.000Z', 'D1501439-6449-4B74-B168-184AD87D26A8', 'A4D81E50-7DB5-45C4-B96E-06193BA41C8E', '2023-04-13T00:00:00.000Z', 68.6543, 'Online');
insert into INSTALLMENTS (DUE_AMOUNT, DUE_DATE, INSTALLMENT_ID, LOAN_ID, PAID_DATE, PAYMENT_AMOUT, PAYMENT_METHOD) values (187.8518, '2023-10-01T00:00:00.000Z', '398649F8-40AE-405B-B24D-2667B0DA9A2D', '27613DE7-DF05-4E48-950D-8A6D009C644D', '2023-10-01T00:00:00.000Z', 187.8518, 'Cheque');
insert into INSTALLMENTS (DUE_AMOUNT, DUE_DATE, INSTALLMENT_ID, LOAN_ID, PAID_DATE, PAYMENT_AMOUT, PAYMENT_METHOD) values (101.279, '2023-03-01T00:00:00.000Z', '086C4F66-512B-46C3-88BA-2C3C889FB4C7', 'A99233CD-B9B9-4C95-A236-EF93515FBC94', '2023-03-01T00:00:00.000Z', 101.279, 'Cheque');
insert into INSTALLMENTS (DUE_AMOUNT, DUE_DATE, INSTALLMENT_ID, LOAN_ID, PAID_DATE, PAYMENT_AMOUT, PAYMENT_METHOD) values (101.2979, '2023-01-01T00:00:00.000Z', '80294B20-89FC-4747-9880-35D71427E160', 'D9C813C7-6720-452B-8326-49F0DC7BFE48', '2023-01-01T00:00:00.000Z', 101.2979, 'Online Payment');
insert into INSTALLMENTS (DUE_AMOUNT, DUE_DATE, INSTALLMENT_ID, LOAN_ID, PAID_DATE, PAYMENT_AMOUT, PAYMENT_METHOD) values (101.2979, '2023-08-01T00:00:00.000Z', '97A94CBD-EC9C-49E9-9930-4E55D04C4E25', 'D9C813C7-6720-452B-8326-49F0DC7BFE48', '2023-08-13T00:00:00.000Z', 101.2979, 'Cheque');
insert into INSTALLMENTS (DUE_AMOUNT, DUE_DATE, INSTALLMENT_ID, LOAN_ID, PAID_DATE, PAYMENT_AMOUT, PAYMENT_METHOD) values (33.7119, '2023-10-01T00:00:00.000Z', '319B023F-7BDA-4A5B-BF80-5114A0C56BC9', '79239D1B-D8A5-4F21-98BE-F3F9083EC169', '2023-10-01T00:00:00.000Z', 33.7119, 'Direct Debit');
insert into INSTALLMENTS (DUE_AMOUNT, DUE_DATE, INSTALLMENT_ID, LOAN_ID, PAID_DATE, PAYMENT_AMOUT, PAYMENT_METHOD) values (115.4724, '2023-06-01T00:00:00.000Z', '357D0495-E7A7-4A8E-8225-5130EA2BDA7C', '79B66776-C0B6-4AFE-B0FB-6B72A4B02361', '2023-06-01T00:00:00.000Z', 115.4724, 'Bank Transfer');
insert into INSTALLMENTS (DUE_AMOUNT, DUE_DATE, INSTALLMENT_ID, LOAN_ID, PAID_DATE, PAYMENT_AMOUT, PAYMENT_METHOD) values (101.2979, '2023-04-01T00:00:00.000Z', '1F08E76E-6C8D-4800-8162-580739787E53', 'D9C813C7-6720-452B-8326-49F0DC7BFE48', '2023-04-13T00:00:00.000Z', 101.2979, 'Cheque');
insert into INSTALLMENTS (DUE_AMOUNT, DUE_DATE, INSTALLMENT_ID, LOAN_ID, PAID_DATE, PAYMENT_AMOUT, PAYMENT_METHOD) values (101.2979, '2023-07-01T00:00:00.000Z', 'EC2956DF-54FA-4225-ADD5-584FC09C39A7', 'D9C813C7-6720-452B-8326-49F0DC7BFE48', '2023-07-11T00:00:00.000Z', 101.2979, 'Cheque');
insert into INSTALLMENTS (DUE_AMOUNT, DUE_DATE, INSTALLMENT_ID, LOAN_ID, PAID_DATE, PAYMENT_AMOUT, PAYMENT_METHOD) values (712.7577, '2023-06-01T00:00:00.000Z', 'BFBA390B-D857-49CC-B680-5CB1EBBF9301', '959886AB-222D-4040-B67B-BF8F028FF1CF', '2023-06-01T00:00:00.000Z', 712.7577, 'Bank Transfer');
insert into INSTALLMENTS (DUE_AMOUNT, DUE_DATE, INSTALLMENT_ID, LOAN_ID, PAID_DATE, PAYMENT_AMOUT, PAYMENT_METHOD) values (68.6543, '2023-02-01T00:00:00.000Z', '4EDF1234-EF88-461D-9783-6705F610CAE9', 'D9C813C7-6720-452B-8326-49F0DC7BFE48', '2023-02-10T00:00:00.000Z', 68.6543, 'Cheque');
insert into INSTALLMENTS (DUE_AMOUNT, DUE_DATE, INSTALLMENT_ID, LOAN_ID, PAID_DATE, PAYMENT_AMOUT, PAYMENT_METHOD) values (68.6543, '2023-06-01T00:00:00.000Z', '8546C6C3-6311-4F1E-93C7-6A41022B7A31', 'A4D81E50-7DB5-45C4-B96E-06193BA41C8E', '2023-06-10T00:00:00.000Z', 68.6543, 'Online');
insert into INSTALLMENTS (DUE_AMOUNT, DUE_DATE, INSTALLMENT_ID, LOAN_ID, PAID_DATE, PAYMENT_AMOUT, PAYMENT_METHOD) values (101.2979, '2023-05-01T00:00:00.000Z', 'FF76FBDE-C234-4464-BC88-6AEE7968B53F', 'D9C813C7-6720-452B-8326-49F0DC7BFE48', '2023-05-11T00:00:00.000Z', 101.2979, 'Cheque');
insert into INSTALLMENTS (DUE_AMOUNT, DUE_DATE, INSTALLMENT_ID, LOAN_ID, PAID_DATE, PAYMENT_AMOUT, PAYMENT_METHOD) values (42.4332, '2022-07-01T00:00:00.000Z', 'F07CF06F-A9E0-4BE9-B441-77C51E84F09F', 'BE619CC8-4D23-4C4E-A273-32191F1BD941', '2022-07-01T00:00:00.000Z', 42.4332, 'Bank Transfer');
insert into INSTALLMENTS (DUE_AMOUNT, DUE_DATE, INSTALLMENT_ID, LOAN_ID, PAID_DATE, PAYMENT_AMOUT, PAYMENT_METHOD) values (263.8461, '2023-02-01T00:00:00.000Z', '125DF4EA-0BEB-40C1-8D6C-7F9CAD5FAF8D', '205E8598-B240-40C4-92C7-4360D9D35F79', '2023-02-01T00:00:00.000Z', 263.8461, 'Cheque');
insert into INSTALLMENTS (DUE_AMOUNT, DUE_DATE, INSTALLMENT_ID, LOAN_ID, PAID_DATE, PAYMENT_AMOUT, PAYMENT_METHOD) values (101.279, '2023-04-01T00:00:00.000Z', 'DFD7BCA3-01FB-48CA-A5A6-82A813544D15', 'A99233CD-B9B9-4C95-A236-EF93515FBC94', '2023-04-01T00:00:00.000Z', 101.279, 'Bank Transfer');
insert into INSTALLMENTS (DUE_AMOUNT, DUE_DATE, INSTALLMENT_ID, LOAN_ID, PAID_DATE, PAYMENT_AMOUT, PAYMENT_METHOD) values (101.2979, '2023-10-01T00:00:00.000Z', '74B54BD5-1A1F-4891-BB13-8636F82C77B2', 'D9C813C7-6720-452B-8326-49F0DC7BFE48', '2023-10-12T00:00:00.000Z', 101.2979, 'Cheque');
insert into INSTALLMENTS (DUE_AMOUNT, DUE_DATE, INSTALLMENT_ID, LOAN_ID, PAID_DATE, PAYMENT_AMOUT, PAYMENT_METHOD) values (60.4538, '2023-03-01T00:00:00.000Z', '294BC811-3A49-4225-BC19-8B2A9C82E207', '4945B445-B490-457B-93FA-14F0054FAAFF', '2023-03-01T00:00:00.000Z', 60.4538, 'Bank Transfer');
insert into INSTALLMENTS (DUE_AMOUNT, DUE_DATE, INSTALLMENT_ID, LOAN_ID, PAID_DATE, PAYMENT_AMOUT, PAYMENT_METHOD) values (68.6543, '2023-03-01T00:00:00.000Z', 'DE270DFD-284F-43DC-A340-8B2B403FFF5C', 'A4D81E50-7DB5-45C4-B96E-06193BA41C8E', '2023-03-11T00:00:00.000Z', 68.6543, 'Online');
insert into INSTALLMENTS (DUE_AMOUNT, DUE_DATE, INSTALLMENT_ID, LOAN_ID, PAID_DATE, PAYMENT_AMOUT, PAYMENT_METHOD) values (68.6543, '2023-10-01T00:00:00.000Z', 'E2925639-6C5C-49A6-B441-8EA6A399F187', 'A4D81E50-7DB5-45C4-B96E-06193BA41C8E', '2023-10-12T00:00:00.000Z', 68.6543, 'Online');
insert into INSTALLMENTS (DUE_AMOUNT, DUE_DATE, INSTALLMENT_ID, LOAN_ID, PAID_DATE, PAYMENT_AMOUT, PAYMENT_METHOD) values (101.2979, '2023-09-01T00:00:00.000Z', 'D6B740B4-CC19-4F4F-B304-8EB63D3B014B', 'D9C813C7-6720-452B-8326-49F0DC7BFE48', '2023-09-16T00:00:00.000Z', 101.2979, 'Cheque');
insert into INSTALLMENTS (DUE_AMOUNT, DUE_DATE, INSTALLMENT_ID, LOAN_ID, PAID_DATE, PAYMENT_AMOUT, PAYMENT_METHOD) values (101.2979, '2023-11-01T00:00:00.000Z', '3D23B697-241F-4FAC-A267-92726BF7F702', 'D9C813C7-6720-452B-8326-49F0DC7BFE48', '2023-11-24T00:00:00.000Z', 101.2979, 'Cheque');
insert into INSTALLMENTS (DUE_AMOUNT, DUE_DATE, INSTALLMENT_ID, LOAN_ID, PAID_DATE, PAYMENT_AMOUT, PAYMENT_METHOD) values (101.2979, '2023-06-01T00:00:00.000Z', 'EBF18FD3-96D6-4F64-A224-936825F048D9', 'D9C813C7-6720-452B-8326-49F0DC7BFE48', '2023-06-10T00:00:00.000Z', 101.2979, 'Cheque');
insert into INSTALLMENTS (DUE_AMOUNT, DUE_DATE, INSTALLMENT_ID, LOAN_ID, PAID_DATE, PAYMENT_AMOUT, PAYMENT_METHOD) values (68.6543, '2023-02-01T00:00:00.000Z', 'D9F97157-C080-4921-BC39-A3CD0B686717', 'A4D81E50-7DB5-45C4-B96E-06193BA41C8E', '2023-02-10T00:00:00.000Z', 68.6543, 'Online');
insert into INSTALLMENTS (DUE_AMOUNT, DUE_DATE, INSTALLMENT_ID, LOAN_ID, PAID_DATE, PAYMENT_AMOUT, PAYMENT_METHOD) values (101.2979, '2023-03-01T00:00:00.000Z', 'A06B4BB0-EEA8-44A2-852A-A965AB884320', 'D9C813C7-6720-452B-8326-49F0DC7BFE48', '2023-03-11T00:00:00.000Z', 101.2979, 'Cheque');
insert into INSTALLMENTS (DUE_AMOUNT, DUE_DATE, INSTALLMENT_ID, LOAN_ID, PAID_DATE, PAYMENT_AMOUT, PAYMENT_METHOD) values (101.279, '2023-05-01T00:00:00.000Z', 'F5E4023A-B0D0-4B97-8A2E-AAD10CFACD35', 'A99233CD-B9B9-4C95-A236-EF93515FBC94', '2023-05-01T00:00:00.000Z', 101.279, 'Bank Transfer');
insert into INSTALLMENTS (DUE_AMOUNT, DUE_DATE, INSTALLMENT_ID, LOAN_ID, PAID_DATE, PAYMENT_AMOUT, PAYMENT_METHOD) values (68.6543, '2023-05-01T00:00:00.000Z', '94F1DF25-E679-406B-93E6-B0191DAC6166', 'A4D81E50-7DB5-45C4-B96E-06193BA41C8E', '2023-05-11T00:00:00.000Z', 68.6543, 'Online');
insert into INSTALLMENTS (DUE_AMOUNT, DUE_DATE, INSTALLMENT_ID, LOAN_ID, PAID_DATE, PAYMENT_AMOUT, PAYMENT_METHOD) values (3194.0175, '2023-03-01T00:00:00.000Z', 'BC4E7C65-5BB3-46B7-9392-B2579934478D', 'CE618CDA-D099-42F8-AB23-177FFE2EFFE8', '2023-03-01T00:00:00.000Z', 3194.0175, 'Cheque');
insert into INSTALLMENTS (DUE_AMOUNT, DUE_DATE, INSTALLMENT_ID, LOAN_ID, PAID_DATE, PAYMENT_AMOUT, PAYMENT_METHOD) values (68.6543, '2023-07-01T00:00:00.000Z', 'F06B16CF-80FB-47C7-86BC-B7768660F034', 'A4D81E50-7DB5-45C4-B96E-06193BA41C8E', '2023-07-11T00:00:00.000Z', 68.6543, 'Online');
insert into INSTALLMENTS (DUE_AMOUNT, DUE_DATE, INSTALLMENT_ID, LOAN_ID, PAID_DATE, PAYMENT_AMOUT, PAYMENT_METHOD) values (101.279, '2023-02-01T00:00:00.000Z', '633E3AC0-2F1B-4DC7-9475-D098A3D14A29', 'A99233CD-B9B9-4C95-A236-EF93515FBC94', '2023-02-01T00:00:00.000Z', 101.279, 'Cheque');
insert into INSTALLMENTS (DUE_AMOUNT, DUE_DATE, INSTALLMENT_ID, LOAN_ID, PAID_DATE, PAYMENT_AMOUT, PAYMENT_METHOD) values (194.6898, '2023-06-01T00:00:00.000Z', '396A0E3F-CBB6-4BFF-B565-D148C2620DEE', 'F4D0D953-5E72-4EE1-9A53-AF8789D57F12', '2023-06-01T00:00:00.000Z', 194.6898, 'Direct Debit');
insert into INSTALLMENTS (DUE_AMOUNT, DUE_DATE, INSTALLMENT_ID, LOAN_ID, PAID_DATE, PAYMENT_AMOUT, PAYMENT_METHOD) values (55.9465, '2022-08-01T00:00:00.000Z', '826345B6-C873-4105-8388-D9A7E293D05C', 'F31BC2AA-D142-4D4D-B323-1EC9D1E635E8', '2022-08-01T00:00:00.000Z', 55.9465, 'Online Payment');
insert into INSTALLMENTS (DUE_AMOUNT, DUE_DATE, INSTALLMENT_ID, LOAN_ID, PAID_DATE, PAYMENT_AMOUT, PAYMENT_METHOD) values (146.7691, '2023-09-01T00:00:00.000Z', '3900F669-4E9F-4B24-9790-DD22AD958102', '8CB41F2E-CAFC-4DAB-9CBD-AEAC254D18E8', '2023-09-01T00:00:00.000Z', 146.7691, 'Online Payment');
insert into INSTALLMENTS (DUE_AMOUNT, DUE_DATE, INSTALLMENT_ID, LOAN_ID, PAID_DATE, PAYMENT_AMOUT, PAYMENT_METHOD) values (68.6543, '2023-09-01T00:00:00.000Z', 'DEE47F46-24FB-46DC-B7EC-E7720107B3C0', 'A4D81E50-7DB5-45C4-B96E-06193BA41C8E', '2023-09-16T00:00:00.000Z', 68.6543, 'Online');
insert into INSTALLMENTS (DUE_AMOUNT, DUE_DATE, INSTALLMENT_ID, LOAN_ID, PAID_DATE, PAYMENT_AMOUT, PAYMENT_METHOD) values (101.279, '2023-01-01T00:00:00.000Z', '30819EE8-4F12-476C-8D19-EAC0F2586503', 'A99233CD-B9B9-4C95-A236-EF93515FBC94', '2023-01-01T00:00:00.000Z', 101.279, 'Bank Transfer');
insert into INSTALLMENTS (DUE_AMOUNT, DUE_DATE, INSTALLMENT_ID, LOAN_ID, PAID_DATE, PAYMENT_AMOUT, PAYMENT_METHOD) values (68.6543, '2023-08-01T00:00:00.000Z', '1A922FD2-FD8E-4A3F-AA9C-F6109E446AE3', 'A4D81E50-7DB5-45C4-B96E-06193BA41C8E', '2023-08-13T00:00:00.000Z', 68.6543, 'Online');
insert into INSTALLMENTS (DUE_AMOUNT, DUE_DATE, INSTALLMENT_ID, LOAN_ID, PAID_DATE, PAYMENT_AMOUT, PAYMENT_METHOD) values (266.0711, '2023-09-01T00:00:00.000Z', '547336CA-36C9-4AF8-8F8F-FA03076C0F55', 'A60058D3-6F22-49AE-B4EC-4AECF3A08AE7', '2023-09-01T00:00:00.000Z', 266.0711, 'Direct Debit');
insert into INSTALLMENTS (DUE_AMOUNT, DUE_DATE, INSTALLMENT_ID, LOAN_ID, PAID_DATE, PAYMENT_AMOUT, PAYMENT_METHOD) values (250.0178, '2023-03-01T00:00:00.000Z', 'C324A58B-BA91-4C40-8F9C-FDB855810FFA', '9BF8A099-9658-4580-8010-DE444FEE1937', '2023-03-01T00:00:00.000Z', 250.0178, 'Cheque');

--INSURANCE_PROVIDERS
insert into INSURANCE_PROVIDERS (ADDRESS, CONTACT_EMAIL, CONTACT_NUMBER, PROVIDER_ID, PROVIDER_NAME, WEBSITE) values ('456 Oak St, Boston, USA', 'info@mahealth.com', '8559075113', '8605C6CB-ED2A-4EF4-96F4-236063C7AD8C', 'Mass Health Plans', 'https://www.masshealthplans.com/');
insert into INSURANCE_PROVIDERS (ADDRESS, CONTACT_EMAIL, CONTACT_NUMBER, PROVIDER_ID, PROVIDER_NAME, WEBSITE) values ('852 Birch St, Boston, USA', 'info@selectautoprotect.com', '8602944996', 'F2845CCB-9C91-442D-881C-48DAF574886F', 'select auto protect', 'https://selectautoprotect.com/');
insert into INSURANCE_PROVIDERS (ADDRESS, CONTACT_EMAIL, CONTACT_NUMBER, PROVIDER_ID, PROVIDER_NAME, WEBSITE) values ('963 Elm St, Boston, USA', 'info@amfam.com', '8543392874', '16956495-2BD9-412A-B2E5-4D531846C7D4', 'American Family', 'https://www.amfam.com/');
insert into INSURANCE_PROVIDERS (ADDRESS, CONTACT_EMAIL, CONTACT_NUMBER, PROVIDER_ID, PROVIDER_NAME, WEBSITE) values ('369 Cedar St, Boston, USA', 'info@nothwest.com', '8669504644', '9E6E3837-6F66-413B-9286-54CEE4D226A2', 'Northwest Mutual', 'https://www.northwesternmutual.com/');
insert into INSURANCE_PROVIDERS (ADDRESS, CONTACT_EMAIL, CONTACT_NUMBER, PROVIDER_ID, PROVIDER_NAME, WEBSITE) values ('753 Walnut St, Boston, USA', 'info@completecarwarranty.com', '8678575674', '63179543-1E31-4058-8694-60AA1F02DB4B', 'complete car W', 'https://completecarwarranty.com/');
insert into INSURANCE_PROVIDERS (ADDRESS, CONTACT_EMAIL, CONTACT_NUMBER, PROVIDER_ID, PROVIDER_NAME, WEBSITE) values ('101 Pine St, Boston, USA', 'info@newyorklife.com', '8002255695', '4B8FD927-4B96-4691-B176-85BDB0921736', 'Newyork Life', 'https://www.newyorklife.com/');
insert into INSURANCE_PROVIDERS (ADDRESS, CONTACT_EMAIL, CONTACT_NUMBER, PROVIDER_ID, PROVIDER_NAME, WEBSITE) values ('789 Elm St, Boston, USA', 'info@massgov.com', '8578571233', '80DBEF8B-CBD3-4474-89BB-A0ED558E943C', 'Mass Gov', 'https://www.mass.gov/');
insert into INSURANCE_PROVIDERS (ADDRESS, CONTACT_EMAIL, CONTACT_NUMBER, PROVIDER_ID, PROVIDER_NAME, WEBSITE) values ('147 Oak St, Boston, USA', 'info@nationwide.com', '8894581262', '9B926F34-4857-484C-9B05-AFD468D46777', 'Nation Wide', 'https://www.nationwide.com/');
insert into INSURANCE_PROVIDERS (ADDRESS, CONTACT_EMAIL, CONTACT_NUMBER, PROVIDER_ID, PROVIDER_NAME, WEBSITE) values ('123 Main St, Boston, USA', 'info@healthcare.com', '8003182596', '6C2AF3DD-9200-4259-B56B-B8B7DE7B21A2', 'Healthcare Gov', 'https://www.healthcare.gov/');
insert into INSURANCE_PROVIDERS (ADDRESS, CONTACT_EMAIL, CONTACT_NUMBER, PROVIDER_ID, PROVIDER_NAME, WEBSITE) values ('246 Maple St, Boston, USA', 'info@northeast.aaa.com', '8578872121', '8E211AAC-97BA-4504-8A38-DD1CA40FD20C', 'Northeast', 'https://northeast.aaa.com/');

--INSURANCE_TYPE
insert into INSURANCE_TYPE (DESCRIPTION, NAME, TYPE_ID) values ('Provides financial support to the family in case of policyholders death', 'Life', '47B050EE-C60D-4327-96C8-4B552401529C');
insert into INSURANCE_TYPE (DESCRIPTION, NAME, TYPE_ID) values ('Covers medical expenses', 'Health', 'F4293A01-C5E3-410B-B0DE-641AEECCE3F9');
insert into INSURANCE_TYPE (DESCRIPTION, NAME, TYPE_ID) values ('Covers damage to vehicles and property', 'Auto', '8415C21D-17B4-4B4E-A1B6-C43EB0105ECF');

--LENDER
insert into LENDER (ADDRESS, CONTACT_INFO, LENDER_ID, LICENSING_DETAILS, NAME, RATING, TYPE, WEBSITE) values ('101 Main St, Boston', '8003456789', '2EDF07EE-2C3B-417E-A16F-0299226C4B39', 'License No. 56789', 'SafeBank', 5, 'Banking', 'https://www.safebank.com');
insert into LENDER (ADDRESS, CONTACT_INFO, LENDER_ID, LICENSING_DETAILS, NAME, RATING, TYPE, WEBSITE) values ('25 Maple Ave, Portland', '8009012345', 'FFC43D83-775F-49CC-B25E-0407B67F7938', 'License No. 84726', 'Sunrise Bank', 5, 'Banking', 'https://www.sunrisebank.com');
insert into LENDER (ADDRESS, CONTACT_INFO, LENDER_ID, LICENSING_DETAILS, NAME, RATING, TYPE, WEBSITE) values ('100 N Tryon St, Charlotte', '8004321000', 'C4BEBD15-A790-491F-8AF5-162214EF70CC', 'License 654321', 'Bank of America', 4, 'Banking', 'https://www.bankofamerica.com');
insert into LENDER (ADDRESS, CONTACT_INFO, LENDER_ID, LICENSING_DETAILS, NAME, RATING, TYPE, WEBSITE) values ('1585 Broadway, New York', '2127614000', 'F5C0AD34-3C79-49CD-A3A6-596D68018857', 'License 123789', 'Morgan Stanley', 5, 'Investment', 'https://www.morganstanley.com');
insert into LENDER (ADDRESS, CONTACT_INFO, LENDER_ID, LICENSING_DETAILS, NAME, RATING, TYPE, WEBSITE) values ('800 Nicollet Mall, Minneapolis', '8008722657', 'E7214B22-EF70-4E69-BF5D-6D2642787796', 'License 321654', 'U.S. Bank', 4, 'Banking', 'https://www.usbank.com');
insert into LENDER (ADDRESS, CONTACT_INFO, LENDER_ID, LICENSING_DETAILS, NAME, RATING, TYPE, WEBSITE) values ('388 Greenwich St, New York', '8003749700', '5BCDEB32-BF46-47B0-84C0-82B0964951E9', 'License 987654', 'Citigroup', 4, 'Finance', 'https://www.citi.com');
insert into LENDER (ADDRESS, CONTACT_INFO, LENDER_ID, LICENSING_DETAILS, NAME, RATING, TYPE, WEBSITE) values ('420 Montgomery St, San Francisco', '6173421400', 'BB717175-3A28-43F3-BD73-84DB4A76E9C6', 'NMLSR ID is 399801', 'Wells Fargo', 4, 'Banking', 'https://www.wellsfargo.com/');
insert into LENDER (ADDRESS, CONTACT_INFO, LENDER_ID, LICENSING_DETAILS, NAME, RATING, TYPE, WEBSITE) values ('789 Oak St, Phoenix', '8004567890', '6E25BB56-E624-40E8-99DD-945D8C365E32', 'License No. 98765', 'Happy Mortgages', 4, 'Mortgage', 'https://www.happymortgages.com');
insert into LENDER (ADDRESS, CONTACT_INFO, LENDER_ID, LICENSING_DETAILS, NAME, RATING, TYPE, WEBSITE) values ('1701 Route 70 East, Cherry Hill', '8887519000', '6D9A7F19-D860-4C69-91F1-A5DCCF856175', 'License 654098', 'TD Bank', 3, 'Banking', 'https://www.td.com');
insert into LENDER (ADDRESS, CONTACT_INFO, LENDER_ID, LICENSING_DETAILS, NAME, RATING, TYPE, WEBSITE) values ('400 Broadway, New York', '8008901234', '8143B9B9-FA88-459A-932E-A8C24FFCFA93', 'NMLS ID 564738', 'Metro Lending', 4, 'Finance', 'https://www.metrolending.com');
insert into LENDER (ADDRESS, CONTACT_INFO, LENDER_ID, LICENSING_DETAILS, NAME, RATING, TYPE, WEBSITE) values ('200 West St, New York', '2129021000', '1962B580-2321-4931-8B8D-B9241C15F4CA', 'License 456789', 'Goldman Sachs', 5, 'Investment', 'https://www.goldmansachs.com');
insert into LENDER (ADDRESS, CONTACT_INFO, LENDER_ID, LICENSING_DETAILS, NAME, RATING, TYPE, WEBSITE) values ('90 Hill St, Seattle', '8000123456', 'B8749BEA-142B-4857-8BA2-BBE57D38A385', 'NMLS ID 283746', 'Advantage Loans', 4, 'Finance', 'https://www.advantageloans.com');
insert into LENDER (ADDRESS, CONTACT_INFO, LENDER_ID, LICENSING_DETAILS, NAME, RATING, TYPE, WEBSITE) values ('270 Park Avenue, New York', '2122706000', 'B177A053-DF45-4D88-8857-EACB321527A1', 'License 123456', 'Chase Bank', 5, 'Banking', 'https://www.chase.com');

--LIFE_INSURANCE
insert into LIFE_INSURANCE (BENEFICIARY, COVERAGE_AMOUNT, LIFE_POLICY_ID) values ('John Doe', 250000, 'F9ADF0FA-76E6-433B-8019-1A885EB64146');
insert into LIFE_INSURANCE (BENEFICIARY, COVERAGE_AMOUNT, LIFE_POLICY_ID) values ('Jane Smith', 500000, 'BE473AD7-029E-4B33-850C-A755CA4C95C6');
insert into LIFE_INSURANCE (BENEFICIARY, COVERAGE_AMOUNT, LIFE_POLICY_ID) values ('Alex Johnson', 300000, 'D4FE0DBE-36F1-4DAC-8840-A95E5F677516');
insert into LIFE_INSURANCE (BENEFICIARY, COVERAGE_AMOUNT, LIFE_POLICY_ID) values ('David Thomas', 250000, '061D59DE-3821-43B4-BC20-D5A5B82DA089');
insert into LIFE_INSURANCE (BENEFICIARY, COVERAGE_AMOUNT, LIFE_POLICY_ID) values ('James Brown', 500000, 'AAB3A17E-C810-41DF-B031-E69362A56AB0');

--LOAN_DOCUMENTS
insert into LOAN_DOCUMENTS (DOCUMENT_DESCRIPTION, DOCUMENT_ID, DOCUMENT_NAME, DOCUMENT_URL, LOAN_ID) values ('Application Form for Personal Loan', 'EC63BE5A-9711-425B-9F88-1886285D78D6', 'Personal Loan Application Form', 'https://example.com/documents/personal_loan_form_79239d1b.pdf', '79239D1B-D8A5-4F21-98BE-F3F9083EC169');
insert into LOAN_DOCUMENTS (DOCUMENT_DESCRIPTION, DOCUMENT_ID, DOCUMENT_NAME, DOCUMENT_URL, LOAN_ID) values ('Contract for Car Loan', '6C29832D-9A54-4BC2-86F2-18F44DCE8C90', 'Car Loan Contract', 'https://example.com/documents/car_loan_79b66776.pdf', '79B66776-C0B6-4AFE-B0FB-6B72A4B02361');
insert into LOAN_DOCUMENTS (DOCUMENT_DESCRIPTION, DOCUMENT_ID, DOCUMENT_NAME, DOCUMENT_URL, LOAN_ID) values ('Personal Loan Agreement Document', '986CF079-B7F9-4B80-8523-291458DCA9FD', 'Loan Agreement', 'https://example.com/documents/loan_agreement_a4d81e50.pdf', 'A4D81E50-7DB5-45C4-B96E-06193BA41C8E');
insert into LOAN_DOCUMENTS (DOCUMENT_DESCRIPTION, DOCUMENT_ID, DOCUMENT_NAME, DOCUMENT_URL, LOAN_ID) values ('Project Plan for Renovation Loan', '694FCB9D-CC10-4987-B8D1-29589749F829', 'Renovation Project Plan', 'https://example.com/documents/renovation_plan_f4d0d953.pdf', 'F4D0D953-5E72-4EE1-9A53-AF8789D57F12');
insert into LOAN_DOCUMENTS (DOCUMENT_DESCRIPTION, DOCUMENT_ID, DOCUMENT_NAME, DOCUMENT_URL, LOAN_ID) values ('Terms and Conditions for Personal Loan', 'C4ED40F5-20A4-4C67-B04B-439F3169BAF9', 'Personal Loan Terms and Conditions', 'https://example.com/documents/personal_loan_terms_be619cc8.pdf', 'BE619CC8-4D23-4C4E-A273-32191F1BD941');
insert into LOAN_DOCUMENTS (DOCUMENT_DESCRIPTION, DOCUMENT_ID, DOCUMENT_NAME, DOCUMENT_URL, LOAN_ID) values ('Documentation for Home Loan Application', '66D23236-2E96-45A6-A43A-5D423CB019C4', 'Home Loan Documentation', 'https://example.com/documents/home_loan_d9c813c7.pdf', 'D9C813C7-6720-452B-8326-49F0DC7BFE48');
insert into LOAN_DOCUMENTS (DOCUMENT_DESCRIPTION, DOCUMENT_ID, DOCUMENT_NAME, DOCUMENT_URL, LOAN_ID) values ('Agreement for Business Loan', '4A248CBF-E9D0-44A3-A39E-75477C9DD443', 'Business Loan Agreement', 'https://example.com/documents/business_loan_agreement_205e8598.pdf', '205E8598-B240-40C4-92C7-4360D9D35F79');
insert into LOAN_DOCUMENTS (DOCUMENT_DESCRIPTION, DOCUMENT_ID, DOCUMENT_NAME, DOCUMENT_URL, LOAN_ID) values ('Loan Details for Business Expansion', '311BFE41-8217-4E3C-8C4F-8E597A0A419F', 'Business Expansion Loan Details', 'https://example.com/documents/business_loan_959886ab.pdf', '959886AB-222D-4040-B67B-BF8F028FF1CF');
insert into LOAN_DOCUMENTS (DOCUMENT_DESCRIPTION, DOCUMENT_ID, DOCUMENT_NAME, DOCUMENT_URL, LOAN_ID) values ('Overview of Home Equity Loan', '46AD0502-8B9E-4A78-B097-C08D28868E54', 'Home Equity Loan Overview', 'https://example.com/documents/home_equity_overview_9bf8a099.pdf', '9BF8A099-9658-4580-8010-DE444FEE1937');
insert into LOAN_DOCUMENTS (DOCUMENT_DESCRIPTION, DOCUMENT_ID, DOCUMENT_NAME, DOCUMENT_URL, LOAN_ID) values ('Terms and Conditions for Renovation Loan', '1FE6CC34-B08B-4339-9C13-C6FCE336BAD9', 'Renovation Loan Terms', 'https://example.com/documents/renovation_loan_terms_8cb41f2e.pdf', '8CB41F2E-CAFC-4DAB-9CBD-AEAC254D18E8');
insert into LOAN_DOCUMENTS (DOCUMENT_DESCRIPTION, DOCUMENT_ID, DOCUMENT_NAME, DOCUMENT_URL, LOAN_ID) values ('Details and Terms for Education Loan', 'B46C876C-57AC-45AF-9D01-CA42EA65BAE5', 'Education Loan Details', 'https://example.com/documents/education_loan_4ada731a.pdf', '4ADA731A-843F-4B38-A427-E3D0BF9E4419');
insert into LOAN_DOCUMENTS (DOCUMENT_DESCRIPTION, DOCUMENT_ID, DOCUMENT_NAME, DOCUMENT_URL, LOAN_ID) values ('Contract Document for Education Loan', '6A17411D-68A5-4636-B839-EBDCDB383287', 'Education Loan Contract', 'https://example.com/documents/education_loan_contract_f31bc2aa.pdf', 'F31BC2AA-D142-4D4D-B323-1EC9D1E635E8');
insert into LOAN_DOCUMENTS (DOCUMENT_DESCRIPTION, DOCUMENT_ID, DOCUMENT_NAME, DOCUMENT_URL, LOAN_ID) values ('Credit Score Report for Personal Loan', '4A908638-4230-4563-882E-EF298CDA9C87', 'Credit Score Report', 'https://example.com/documents/credit_score_4945b445.pdf', '4945B445-B490-457B-93FA-14F0054FAAFF');
insert into LOAN_DOCUMENTS (DOCUMENT_DESCRIPTION, DOCUMENT_ID, DOCUMENT_NAME, DOCUMENT_URL, LOAN_ID) values ('Agreement for Student Loan', '1A6C3D25-0D0E-4B98-B99A-EF4EC1A930C7', 'Student Loan Agreement', 'https://example.com/documents/student_loan_a60058d3.pdf', 'A60058D3-6F22-49AE-B4EC-4AECF3A08AE7');
insert into LOAN_DOCUMENTS (DOCUMENT_DESCRIPTION, DOCUMENT_ID, DOCUMENT_NAME, DOCUMENT_URL, LOAN_ID) values ('Business Loan Proposal Document', '9BB28507-87D3-435C-81B1-F5F25A018E93', 'Business Loan Proposal', 'https://example.com/documents/business_proposal_27613de7.pdf', '27613DE7-DF05-4E48-950D-8A6D009C644D');
insert into LOAN_DOCUMENTS (DOCUMENT_DESCRIPTION, DOCUMENT_ID, DOCUMENT_NAME, DOCUMENT_URL, LOAN_ID) values ('Legal Documents for Property Mortgage', '2EDA7648-9A17-4E0F-9A1D-F79843E60A43', 'Property Mortgage Documents', 'https://example.com/documents/mortgage_documents_ce618cda.pdf', 'CE618CDA-D099-42F8-AB23-177FFE2EFFE8');

--LOANS
insert into LOANS (END_DATE, FREQUENCY, INSTALLMENT_AMOUNT, INTEREST_RATE, LENDER_ID, LOAN_AMOUNT, LOAN_ID, LOAN_NAME, LOAN_TERM, LOAN_TYPE, PROFILE_ID, START_DATE) values ('2025-01-01T00:00:00.000Z', 'M', 68.6543, 6.5, 'B177A053-DF45-4D88-8857-EACB321527A1', 10000, 'A4D81E50-7DB5-45C4-B96E-06193BA41C8E', 'Personal Loan', 24, 'Personal', 'B1414123-C231-41AA-A0E5-03B4AE5E9690', '2023-01-01T00:00:00.000Z');
insert into LOANS (END_DATE, FREQUENCY, INSTALLMENT_AMOUNT, INTEREST_RATE, LENDER_ID, LOAN_AMOUNT, LOAN_ID, LOAN_NAME, LOAN_TERM, LOAN_TYPE, PROFILE_ID, START_DATE) values ('2027-03-01T00:00:00.000Z', 'M', 60.4538, 7, 'F5C0AD34-3C79-49CD-A3A6-596D68018857', 10000, '4945B445-B490-457B-93FA-14F0054FAAFF', 'Personal Loan', 48, 'Personal', '707339BF-F710-4F98-9DCE-51CEA7AAC46E', '2023-03-01T00:00:00.000Z');
insert into LOANS (END_DATE, FREQUENCY, INSTALLMENT_AMOUNT, INTEREST_RATE, LENDER_ID, LOAN_AMOUNT, LOAN_ID, LOAN_NAME, LOAN_TERM, LOAN_TYPE, PROFILE_ID, START_DATE) values ('2024-01-01T00:00:00.000Z', 'M', 3194.0175, 9.2, '5BCDEB32-BF46-47B0-84C0-82B0964951E9', 250000, 'CE618CDA-D099-42F8-AB23-177FFE2EFFE8', 'Mortgage', 10, 'Mortgage', 'D8550A0C-2856-4766-9462-43E7EC1EF080', '2023-03-01T00:00:00.000Z');
insert into LOANS (END_DATE, FREQUENCY, INSTALLMENT_AMOUNT, INTEREST_RATE, LENDER_ID, LOAN_AMOUNT, LOAN_ID, LOAN_NAME, LOAN_TERM, LOAN_TYPE, PROFILE_ID, START_DATE) values ('2026-08-01T00:00:00.000Z', 'M', 55.9465, 6.4, '5BCDEB32-BF46-47B0-84C0-82B0964951E9', 10000, 'F31BC2AA-D142-4D4D-B323-1EC9D1E635E8', 'Education Loan', 48, 'Education', '7A1D533E-F3CF-43B1-80C3-D2E0A496797C', '2022-08-01T00:00:00.000Z');
insert into LOANS (END_DATE, FREQUENCY, INSTALLMENT_AMOUNT, INTEREST_RATE, LENDER_ID, LOAN_AMOUNT, LOAN_ID, LOAN_NAME, LOAN_TERM, LOAN_TYPE, PROFILE_ID, START_DATE) values ('2024-07-01T00:00:00.000Z', 'M', 42.4332, 9, '6D9A7F19-D860-4C69-91F1-A5DCCF856175', 5000, 'BE619CC8-4D23-4C4E-A273-32191F1BD941', 'Personal Loan', 24, 'Personal', '4E3DDAAF-D449-4A69-A067-CAD3E16DE33B', '2022-07-01T00:00:00.000Z');
insert into LOANS (END_DATE, FREQUENCY, INSTALLMENT_AMOUNT, INTEREST_RATE, LENDER_ID, LOAN_AMOUNT, LOAN_ID, LOAN_NAME, LOAN_TERM, LOAN_TYPE, PROFILE_ID, START_DATE) values ('2030-02-01T00:00:00.000Z', 'M', 263.8461, 6.3, '1962B580-2321-4931-8B8D-B9241C15F4CA', 50000, '205E8598-B240-40C4-92C7-4360D9D35F79', 'Business Loan', 84, 'Business', '00AF2991-BA9C-4F5E-B47E-48CF7B4F4636', '2023-02-01T00:00:00.000Z');
insert into LOANS (END_DATE, FREQUENCY, INSTALLMENT_AMOUNT, INTEREST_RATE, LENDER_ID, LOAN_AMOUNT, LOAN_ID, LOAN_NAME, LOAN_TERM, LOAN_TYPE, PROFILE_ID, START_DATE) values ('2028-01-01T00:00:00.000Z', 'M', 101.2979, 5.9, 'B177A053-DF45-4D88-8857-EACB321527A1', 20000, 'D9C813C7-6720-452B-8326-49F0DC7BFE48', 'Home Loan', 60, 'Mortgage', 'B1414123-C231-41AA-A0E5-03B4AE5E9690', '2023-01-01T00:00:00.000Z');
insert into LOANS (END_DATE, FREQUENCY, INSTALLMENT_AMOUNT, INTEREST_RATE, LENDER_ID, LOAN_AMOUNT, LOAN_ID, LOAN_NAME, LOAN_TERM, LOAN_TYPE, PROFILE_ID, START_DATE) values ('2025-05-01T00:00:00.000Z', 'M', 266.0711, 8.8, '5BCDEB32-BF46-47B0-84C0-82B0964951E9', 30000, 'A60058D3-6F22-49AE-B4EC-4AECF3A08AE7', 'Student Loan', 20, 'Education', 'D8550A0C-2856-4766-9462-43E7EC1EF080', '2023-09-01T00:00:00.000Z');
insert into LOANS (END_DATE, FREQUENCY, INSTALLMENT_AMOUNT, INTEREST_RATE, LENDER_ID, LOAN_AMOUNT, LOAN_ID, LOAN_NAME, LOAN_TERM, LOAN_TYPE, PROFILE_ID, START_DATE) values ('2028-06-01T00:00:00.000Z', 'M', 115.4724, 9.2, 'C4BEBD15-A790-491F-8AF5-162214EF70CC', 15000, '79B66776-C0B6-4AFE-B0FB-6B72A4B02361', 'Car Loan', 60, 'Auto', '3A66046C-6D55-406F-96A0-3D74C28CC8A1', '2023-06-01T00:00:00.000Z');
insert into LOANS (END_DATE, FREQUENCY, INSTALLMENT_AMOUNT, INTEREST_RATE, LENDER_ID, LOAN_AMOUNT, LOAN_ID, LOAN_NAME, LOAN_TERM, LOAN_TYPE, PROFILE_ID, START_DATE) values ('2030-10-01T00:00:00.000Z', 'M', 187.8518, 7.5, 'F5C0AD34-3C79-49CD-A3A6-596D68018857', 30000, '27613DE7-DF05-4E48-950D-8A6D009C644D', 'Business Loan', 84, 'Business', 'C3E548AB-4A51-4EE3-AA5D-DA41962A5337', '2023-10-01T00:00:00.000Z');
insert into LOANS (END_DATE, FREQUENCY, INSTALLMENT_AMOUNT, INTEREST_RATE, LENDER_ID, LOAN_AMOUNT, LOAN_ID, LOAN_NAME, LOAN_TERM, LOAN_TYPE, PROFILE_ID, START_DATE) values ('2025-05-01T00:00:00.000Z', 'M', 146.7691, 6.3, '2EDF07EE-2C3B-417E-A16F-0299226C4B39', 20000, '8CB41F2E-CAFC-4DAB-9CBD-AEAC254D18E8', 'Renovation Loan', 20, 'rennovate', 'E830612A-C860-4E5D-9BE6-D99F1655CDFF', '2023-09-01T00:00:00.000Z');
insert into LOANS (END_DATE, FREQUENCY, INSTALLMENT_AMOUNT, INTEREST_RATE, LENDER_ID, LOAN_AMOUNT, LOAN_ID, LOAN_NAME, LOAN_TERM, LOAN_TYPE, PROFILE_ID, START_DATE) values ('2026-06-01T00:00:00.000Z', 'M', 194.6898, 7.2, 'E7214B22-EF70-4E69-BF5D-6D2642787796', 30000, 'F4D0D953-5E72-4EE1-9A53-AF8789D57F12', 'Renovation Loan', 36, 'Renovation', '0EF8C4A3-839A-4E03-AE20-93BB6EE1482C', '2023-06-01T00:00:00.000Z');
insert into LOANS (END_DATE, FREQUENCY, INSTALLMENT_AMOUNT, INTEREST_RATE, LENDER_ID, LOAN_AMOUNT, LOAN_ID, LOAN_NAME, LOAN_TERM, LOAN_TYPE, PROFILE_ID, START_DATE) values ('2028-06-01T00:00:00.000Z', 'M', 712.7577, 8.5, 'F5C0AD34-3C79-49CD-A3A6-596D68018857', 100000, '959886AB-222D-4040-B67B-BF8F028FF1CF', 'Business Loan', 60, 'Business', '707339BF-F710-4F98-9DCE-51CEA7AAC46E', '2023-06-01T00:00:00.000Z');
insert into LOANS (END_DATE, FREQUENCY, INSTALLMENT_AMOUNT, INTEREST_RATE, LENDER_ID, LOAN_AMOUNT, LOAN_ID, LOAN_NAME, LOAN_TERM, LOAN_TYPE, PROFILE_ID, START_DATE) values ('2029-11-01T00:00:00.000Z', 'M', 250.0178, 12, 'F5C0AD34-3C79-49CD-A3A6-596D68018857', 25000, '9BF8A099-9658-4580-8010-DE444FEE1937', 'Home Equity Loan', 80, 'Mortgage', '901018D7-3567-4AB6-B8D1-E5DAAAB5CBE1', '2023-03-01T00:00:00.000Z');
insert into LOANS (END_DATE, FREQUENCY, INSTALLMENT_AMOUNT, INTEREST_RATE, LENDER_ID, LOAN_AMOUNT, LOAN_ID, LOAN_NAME, LOAN_TERM, LOAN_TYPE, PROFILE_ID, START_DATE) values ('2025-12-01T00:00:00.000Z', 'M', 163.2476, 9.7, 'C4BEBD15-A790-491F-8AF5-162214EF70CC', 20000, '4ADA731A-843F-4B38-A427-E3D0BF9E4419', 'Education Loan', 48, 'Education', '3A66046C-6D55-406F-96A0-3D74C28CC8A1', '2021-12-01T00:00:00.000Z');
insert into LOANS (END_DATE, FREQUENCY, INSTALLMENT_AMOUNT, INTEREST_RATE, LENDER_ID, LOAN_AMOUNT, LOAN_ID, LOAN_NAME, LOAN_TERM, LOAN_TYPE, PROFILE_ID, START_DATE) values ('2028-01-01T00:00:00.000Z', 'M', 101.2979, 8.6, '5BCDEB32-BF46-47B0-84C0-82B0964951E9', 20000, 'A99233CD-B9B9-4C95-A236-EF93515FBC94', 'Home Loan', 60, 'Mortgage', '5EED8949-7E6A-4CE8-AA04-AE2143AB50C2', '2023-01-01T00:00:00.000Z');
insert into LOANS (END_DATE, FREQUENCY, INSTALLMENT_AMOUNT, INTEREST_RATE, LENDER_ID, LOAN_AMOUNT, LOAN_ID, LOAN_NAME, LOAN_TERM, LOAN_TYPE, PROFILE_ID, START_DATE) values ('2025-10-01T00:00:00.000Z', 'M', 33.7119, 6.3, '1962B580-2321-4931-8B8D-B9241C15F4CA', 5000, '79239D1B-D8A5-4F21-98BE-F3F9083EC169', 'Personal Loan', 24, 'Personal', '00AF2991-BA9C-4F5E-B47E-48CF7B4F4636', '2023-10-01T00:00:00.000Z');

--MFA_METHOD
insert into MFA_METHOD (ADDITIONAL_INFORMATION, METHOD_ID, METHOD_TYPE, RECOVERY_CODE, USER_ID) values ('Email: user3@example.com', '13657617-70D3-4F39-9D18-046A8242ED53', 'Email', 'abcdef0123456789', 'F4383F63-DB48-4E79-8ECB-FE4B70C3EE0A');
insert into MFA_METHOD (ADDITIONAL_INFORMATION, METHOD_ID, METHOD_TYPE, RECOVERY_CODE, USER_ID) values ('Email: user@example.com', 'F4DD6FB3-C72E-4566-90C5-04D66B35A828', 'Email', 'fedcba9876543210', 'E631F4C4-0C71-4F4E-A645-5381B504B7B9');
insert into MFA_METHOD (ADDITIONAL_INFORMATION, METHOD_ID, METHOD_TYPE, RECOVERY_CODE, USER_ID) values ('Mobile Number: +3456789012', 'FDEA981B-13F6-47A6-86B9-1C109DC905DD', 'SMS', 'fedcba9876543210', '1595B5FD-01B4-4128-84D5-8089D44969A5');
insert into MFA_METHOD (ADDITIONAL_INFORMATION, METHOD_ID, METHOD_TYPE, RECOVERY_CODE, USER_ID) values ('App: Google Authenticator', '8B855006-6539-46A6-902C-5CF1C8189E00', 'APP', 'abcdef0123456789', 'E631F4C4-0C71-4F4E-A645-5381B504B7B9');
insert into MFA_METHOD (ADDITIONAL_INFORMATION, METHOD_ID, METHOD_TYPE, RECOVERY_CODE, USER_ID) values ('Phone Number: +18765432101', '8ADBA75E-5323-4264-AC81-7732FE4786AE', 'Phone Call', '0123456789abcdef', 'E631F4C4-0C71-4F4E-A645-5381B504B7B9');
insert into MFA_METHOD (ADDITIONAL_INFORMATION, METHOD_ID, METHOD_TYPE, RECOVERY_CODE, USER_ID) values ('App: Authenticator', '4F691DFE-DC5E-4186-ADC5-9CF115B44339', 'App', '0123456789abcdef', '1595B5FD-01B4-4128-84D5-8089D44969A5');
insert into MFA_METHOD (ADDITIONAL_INFORMATION, METHOD_ID, METHOD_TYPE, RECOVERY_CODE, USER_ID) values ('App: Authenticator', '38D7CA7C-6C3A-43CD-8442-A480B4B12B55', 'App', '0123456789abcdef', 'F4383F63-DB48-4E79-8ECB-FE4B70C3EE0A');
insert into MFA_METHOD (ADDITIONAL_INFORMATION, METHOD_ID, METHOD_TYPE, RECOVERY_CODE, USER_ID) values ('Mobile Number: +1234567890', 'F8AA31C4-3362-49F7-998A-A6E4B46B0E50', 'SMS', '0123456789abcdef', 'E631F4C4-0C71-4F4E-A645-5381B504B7B9');
insert into MFA_METHOD (ADDITIONAL_INFORMATION, METHOD_ID, METHOD_TYPE, RECOVERY_CODE, USER_ID) values ('Email: user2@example.com', 'A92C558D-88E3-4B6D-92C8-C8550128F8E1', 'Email', 'abcdef0123456789', '1595B5FD-01B4-4128-84D5-8089D44969A5');
insert into MFA_METHOD (ADDITIONAL_INFORMATION, METHOD_ID, METHOD_TYPE, RECOVERY_CODE, USER_ID) values ('Phone Number: +6789012345', 'AB24EB7C-3A86-458F-A56A-D1042985FFAE', 'Phone Call', 'fedcba9876543210', 'F4383F63-DB48-4E79-8ECB-FE4B70C3EE0A');

--POLICY_DETAILS
insert into POLICY_DETAILS (END_DATE, NEXT_PAY_DATE, PAYMENT_AMOUNT, PAYMENT_FREQUENCY, POLICY_ID, POLICY_NAME, POLICY_NUMBER, PROFILE_ID, PROVIDER_ID, START_DATE, TYPE_ID) values ('2027-01-01T00:00:00.000Z', '2024-01-15T00:00:00.000Z', 175, 'M', '953EE41B-A09A-4EFE-B7AD-0CB45FFFA678', 'Auto Policy', 'APOL110-03b4ae5e9690', 'B1414123-C231-41AA-A0E5-03B4AE5E9690', '9E6E3837-6F66-413B-9286-54CEE4D226A2', '2021-01-01T00:00:00.000Z', '8415C21D-17B4-4B4E-A1B6-C43EB0105ECF');
insert into POLICY_DETAILS (END_DATE, NEXT_PAY_DATE, PAYMENT_AMOUNT, PAYMENT_FREQUENCY, POLICY_ID, POLICY_NAME, POLICY_NUMBER, PROFILE_ID, PROVIDER_ID, START_DATE, TYPE_ID) values ('2035-01-01T00:00:00.000Z', '2023-12-31T00:00:00.000Z', 450, 'Q', 'F9ADF0FA-76E6-433B-8019-1A885EB64146', 'Life Policy', 'LPOL101-d2e0a496797c', '7A1D533E-F3CF-43B1-80C3-D2E0A496797C', '9B926F34-4857-484C-9B05-AFD468D46777', '2003-01-01T00:00:00.000Z', '47B050EE-C60D-4327-96C8-4B552401529C');
insert into POLICY_DETAILS (END_DATE, NEXT_PAY_DATE, PAYMENT_AMOUNT, PAYMENT_FREQUENCY, POLICY_ID, POLICY_NAME, POLICY_NUMBER, PROFILE_ID, PROVIDER_ID, START_DATE, TYPE_ID) values ('2028-01-01T00:00:00.000Z', '2024-01-15T00:00:00.000Z', 180, 'M', '0810EF84-05F1-4F85-BF42-22DD160C6610', 'Auto Policy', 'APOL101-d2e0a496797c', '7A1D533E-F3CF-43B1-80C3-D2E0A496797C', '16956495-2BD9-412A-B2E5-4D531846C7D4', '2023-01-01T00:00:00.000Z', '8415C21D-17B4-4B4E-A1B6-C43EB0105ECF');
insert into POLICY_DETAILS (END_DATE, NEXT_PAY_DATE, PAYMENT_AMOUNT, PAYMENT_FREQUENCY, POLICY_ID, POLICY_NAME, POLICY_NUMBER, PROFILE_ID, PROVIDER_ID, START_DATE, TYPE_ID) values ('2025-01-01T00:00:00.000Z', '2024-01-15T00:00:00.000Z', 200, 'M', 'AD037C4E-7AE3-4D69-9B00-26F058DE8EA0', 'Auto Policy', 'APOL100-AE2143AB50C2', '5EED8949-7E6A-4CE8-AA04-AE2143AB50C2', '16956495-2BD9-412A-B2E5-4D531846C7D4', '2020-01-01T00:00:00.000Z', '8415C21D-17B4-4B4E-A1B6-C43EB0105ECF');
insert into POLICY_DETAILS (END_DATE, NEXT_PAY_DATE, PAYMENT_AMOUNT, PAYMENT_FREQUENCY, POLICY_ID, POLICY_NAME, POLICY_NUMBER, PROFILE_ID, PROVIDER_ID, START_DATE, TYPE_ID) values ('2027-01-01T00:00:00.000Z', '2024-01-15T00:00:00.000Z', 150, 'M', '48550490-C04B-4FBB-97DC-3E8089ECF8CB', 'Auto Policy', 'APOL102-cad3e16de33b', '4E3DDAAF-D449-4A69-A067-CAD3E16DE33B', 'F2845CCB-9C91-442D-881C-48DAF574886F', '2022-01-01T00:00:00.000Z', '8415C21D-17B4-4B4E-A1B6-C43EB0105ECF');
insert into POLICY_DETAILS (END_DATE, NEXT_PAY_DATE, PAYMENT_AMOUNT, PAYMENT_FREQUENCY, POLICY_ID, POLICY_NAME, POLICY_NUMBER, PROFILE_ID, PROVIDER_ID, START_DATE, TYPE_ID) values ('2027-01-01T00:00:00.000Z', '2023-12-01T00:00:00.000Z', 100, 'M', '4B9690CF-0F4A-43AF-9D7D-981781ECEB33', 'Health Policy', 'HPOL103-48cf7b4f4636', '00AF2991-BA9C-4F5E-B47E-48CF7B4F4636', '6C2AF3DD-9200-4259-B56B-B8B7DE7B21A2', '2023-01-01T00:00:00.000Z', 'F4293A01-C5E3-410B-B0DE-641AEECCE3F9');
insert into POLICY_DETAILS (END_DATE, NEXT_PAY_DATE, PAYMENT_AMOUNT, PAYMENT_FREQUENCY, POLICY_ID, POLICY_NAME, POLICY_NUMBER, PROFILE_ID, PROVIDER_ID, START_DATE, TYPE_ID) values ('2027-01-01T00:00:00.000Z', '2023-12-01T00:00:00.000Z', 150, 'M', '62E22B12-5465-4148-AB51-9C76EEB004EA', 'Health Policy', 'HPOL104-51cea7aac46e', '707339BF-F710-4F98-9DCE-51CEA7AAC46E', '6C2AF3DD-9200-4259-B56B-B8B7DE7B21A2', '2023-01-01T00:00:00.000Z', 'F4293A01-C5E3-410B-B0DE-641AEECCE3F9');
insert into POLICY_DETAILS (END_DATE, NEXT_PAY_DATE, PAYMENT_AMOUNT, PAYMENT_FREQUENCY, POLICY_ID, POLICY_NAME, POLICY_NUMBER, PROFILE_ID, PROVIDER_ID, START_DATE, TYPE_ID) values ('2040-01-01T00:00:00.000Z', '2023-12-01T00:00:00.000Z', 300, 'Q', 'BE473AD7-029E-4B33-850C-A755CA4C95C6', 'Life Policy', 'LPOL100-AE2143AB50C2', '5EED8949-7E6A-4CE8-AA04-AE2143AB50C2', '4B8FD927-4B96-4691-B176-85BDB0921736', '2000-01-01T00:00:00.000Z', '47B050EE-C60D-4327-96C8-4B552401529C');
insert into POLICY_DETAILS (END_DATE, NEXT_PAY_DATE, PAYMENT_AMOUNT, PAYMENT_FREQUENCY, POLICY_ID, POLICY_NAME, POLICY_NUMBER, PROFILE_ID, PROVIDER_ID, START_DATE, TYPE_ID) values ('2028-01-01T00:00:00.000Z', '2023-12-31T00:00:00.000Z', 350, 'Q', 'D4FE0DBE-36F1-4DAC-8840-A95E5F677516', 'Life Policy', 'LPOL103-da41962a5337', 'C3E548AB-4A51-4EE3-AA5D-DA41962A5337', '4B8FD927-4B96-4691-B176-85BDB0921736', '2008-01-01T00:00:00.000Z', '47B050EE-C60D-4327-96C8-4B552401529C');
insert into POLICY_DETAILS (END_DATE, NEXT_PAY_DATE, PAYMENT_AMOUNT, PAYMENT_FREQUENCY, POLICY_ID, POLICY_NAME, POLICY_NUMBER, PROFILE_ID, PROVIDER_ID, START_DATE, TYPE_ID) values ('2027-01-01T00:00:00.000Z', '2023-12-01T00:00:00.000Z', 150, 'M', '838C8B51-605B-4062-AD2A-A9AEB114A893', 'Health Policy', 'HPOL101-03b4ae5e9690', 'B1414123-C231-41AA-A0E5-03B4AE5E9690', '80DBEF8B-CBD3-4474-89BB-A0ED558E943C', '2023-01-01T00:00:00.000Z', 'F4293A01-C5E3-410B-B0DE-641AEECCE3F9');
insert into POLICY_DETAILS (END_DATE, NEXT_PAY_DATE, PAYMENT_AMOUNT, PAYMENT_FREQUENCY, POLICY_ID, POLICY_NAME, POLICY_NUMBER, PROFILE_ID, PROVIDER_ID, START_DATE, TYPE_ID) values ('2027-01-01T00:00:00.000Z', '2023-12-31T00:00:00.000Z', 100, 'M', 'EAFE5071-120F-46FC-AE0F-CBE76C8CA098', 'Health Policy', 'HPOL100-AE2143AB50C2', '5EED8949-7E6A-4CE8-AA04-AE2143AB50C2', '8605C6CB-ED2A-4EF4-96F4-236063C7AD8C', '2023-01-01T00:00:00.000Z', 'F4293A01-C5E3-410B-B0DE-641AEECCE3F9');
insert into POLICY_DETAILS (END_DATE, NEXT_PAY_DATE, PAYMENT_AMOUNT, PAYMENT_FREQUENCY, POLICY_ID, POLICY_NAME, POLICY_NUMBER, PROFILE_ID, PROVIDER_ID, START_DATE, TYPE_ID) values ('2031-01-01T00:00:00.000Z', '2023-12-31T00:00:00.000Z', 100, 'Q', '061D59DE-3821-43B4-BC20-D5A5B82DA089', 'Life Policy', 'LPOL100-03b4ae5e9690', 'B1414123-C231-41AA-A0E5-03B4AE5E9690', '4B8FD927-4B96-4691-B176-85BDB0921736', '2001-01-01T00:00:00.000Z', '47B050EE-C60D-4327-96C8-4B552401529C');
insert into POLICY_DETAILS (END_DATE, NEXT_PAY_DATE, PAYMENT_AMOUNT, PAYMENT_FREQUENCY, POLICY_ID, POLICY_NAME, POLICY_NUMBER, PROFILE_ID, PROVIDER_ID, START_DATE, TYPE_ID) values ('2027-01-01T00:00:00.000Z', '2024-01-15T00:00:00.000Z', 220, 'M', 'D89C1AEA-29E3-4D3A-BCEA-D66B7038EE34', 'Auto Policy', 'APOL100-d99f1655cdff', 'E830612A-C860-4E5D-9BE6-D99F1655CDFF', '63179543-1E31-4058-8694-60AA1F02DB4B', '2021-01-01T00:00:00.000Z', '8415C21D-17B4-4B4E-A1B6-C43EB0105ECF');
insert into POLICY_DETAILS (END_DATE, NEXT_PAY_DATE, PAYMENT_AMOUNT, PAYMENT_FREQUENCY, POLICY_ID, POLICY_NAME, POLICY_NUMBER, PROFILE_ID, PROVIDER_ID, START_DATE, TYPE_ID) values ('2027-01-01T00:00:00.000Z', '2023-12-01T00:00:00.000Z', 125, 'M', '7F80891B-4744-444F-B2D0-DB9D2190B82C', 'Health Policy', 'HPOL102-43e7ec1ef080', 'D8550A0C-2856-4766-9462-43E7EC1EF080', '80DBEF8B-CBD3-4474-89BB-A0ED558E943C', '2023-01-01T00:00:00.000Z', 'F4293A01-C5E3-410B-B0DE-641AEECCE3F9');
insert into POLICY_DETAILS (END_DATE, NEXT_PAY_DATE, PAYMENT_AMOUNT, PAYMENT_FREQUENCY, POLICY_ID, POLICY_NAME, POLICY_NUMBER, PROFILE_ID, PROVIDER_ID, START_DATE, TYPE_ID) values ('2030-01-01T00:00:00.000Z', '2023-12-31T00:00:00.000Z', 400, 'Q', 'AAB3A17E-C810-41DF-B031-E69362A56AB0', 'Life Policy', 'LPOL102-e5daaab5cbe1', '901018D7-3567-4AB6-B8D1-E5DAAAB5CBE1', '9B926F34-4857-484C-9B05-AFD468D46777', '2005-01-01T00:00:00.000Z', '47B050EE-C60D-4327-96C8-4B552401529C');

--SIP_DETAILS
insert into SIP_DETAILS (AMOUNT, DATE, FREQUENCY, NXT_PAY_DATE, QUANTITY, SIP_HOLDING_ID) values (100, '2023-11-15T00:00:00.000Z', 'A', '2023-12-15T00:00:00.000Z', 25, '6217199A-6A22-48E7-9737-1706DEFE8C4B');
insert into SIP_DETAILS (AMOUNT, DATE, FREQUENCY, NXT_PAY_DATE, QUANTITY, SIP_HOLDING_ID) values (100, '2023-11-15T00:00:00.000Z', 'M', '2023-12-15T00:00:00.000Z', 5, '63703E59-DA29-468D-B00C-351445FC06AE');
insert into SIP_DETAILS (AMOUNT, DATE, FREQUENCY, NXT_PAY_DATE, QUANTITY, SIP_HOLDING_ID) values (200, '2023-11-01T00:00:00.000Z', 'Q', '2023-12-01T00:00:00.000Z', 1, '2E507E29-D6B6-4A87-A8AA-475CFAC568DF');
insert into SIP_DETAILS (AMOUNT, DATE, FREQUENCY, NXT_PAY_DATE, QUANTITY, SIP_HOLDING_ID) values (50, '2023-11-10T00:00:00.000Z', 'A', '2023-12-10T00:00:00.000Z', 3, '269E60DC-E271-40B7-8C71-560DAA25C23F');
insert into SIP_DETAILS (AMOUNT, DATE, FREQUENCY, NXT_PAY_DATE, QUANTITY, SIP_HOLDING_ID) values (200, '2023-11-01T00:00:00.000Z', 'Q', '2023-12-01T00:00:00.000Z', 100, '8C58C9FB-D1FA-4A96-9004-6EFA3EF9F5FC');
insert into SIP_DETAILS (AMOUNT, DATE, FREQUENCY, NXT_PAY_DATE, QUANTITY, SIP_HOLDING_ID) values (50, '2023-11-10T00:00:00.000Z', 'A', '2023-12-10T00:00:00.000Z', 20, '52B6038A-63D7-4AC7-8A51-786DB62F7490');
insert into SIP_DETAILS (AMOUNT, DATE, FREQUENCY, NXT_PAY_DATE, QUANTITY, SIP_HOLDING_ID) values (100, '2023-11-15T00:00:00.000Z', 'M', '2023-12-15T00:00:00.000Z', 25, 'CFFF91F2-B7A7-4375-8CB7-8F332D32E7DA');
insert into SIP_DETAILS (AMOUNT, DATE, FREQUENCY, NXT_PAY_DATE, QUANTITY, SIP_HOLDING_ID) values (100, '2023-11-15T00:00:00.000Z', 'Q', '2023-12-15T00:00:00.000Z', 25, '7757F947-F40B-4EC1-9669-944FFA0F7AAD');
insert into SIP_DETAILS (AMOUNT, DATE, FREQUENCY, NXT_PAY_DATE, QUANTITY, SIP_HOLDING_ID) values (100, '2023-11-15T00:00:00.000Z', 'M', '2023-12-15T00:00:00.000Z', 25, '8606EA35-2624-4923-9416-AE30ED51F658');
insert into SIP_DETAILS (AMOUNT, DATE, FREQUENCY, NXT_PAY_DATE, QUANTITY, SIP_HOLDING_ID) values (50, '2023-11-10T00:00:00.000Z', 'A', '2023-12-10T00:00:00.000Z', 13, '4885F3C7-8BF7-44D5-9C58-C87622E3359A');
insert into SIP_DETAILS (AMOUNT, DATE, FREQUENCY, NXT_PAY_DATE, QUANTITY, SIP_HOLDING_ID) values (100, '2023-11-15T00:00:00.000Z', 'M', '2023-12-15T00:00:00.000Z', 35, 'FF66C144-2C1D-4D81-9897-EF329AB19FA9');

--STOCK_BOOK
insert into STOCK_BOOK (ACCOUNT_ID, AVG_VALUE, HOLDING_ID, INVESTMENT_TYPE, NAME, Quantity, SYMBOL) values ('095BE259-C1F9-4BD5-BFD8-236FE324B623', 31, '6217199A-6A22-48E7-9737-1706DEFE8C4B', 'S', 'Facebook', 75, 'META');
insert into STOCK_BOOK (ACCOUNT_ID, AVG_VALUE, HOLDING_ID, INVESTMENT_TYPE, NAME, Quantity, SYMBOL) values ('095BE259-C1F9-4BD5-BFD8-236FE324B623', 47, '63703E59-DA29-468D-B00C-351445FC06AE', 'S', 'Tesla INC.', 500, 'TESLA');
insert into STOCK_BOOK (ACCOUNT_ID, AVG_VALUE, HOLDING_ID, INVESTMENT_TYPE, NAME, Quantity, SYMBOL) values ('893931D1-CBF6-4F31-8E13-B508A905D8DC', 30.5, 'FD716C90-33AD-42E9-A412-383260A945E4', 'O', 'Facebook', 705, 'META');
insert into STOCK_BOOK (ACCOUNT_ID, AVG_VALUE, HOLDING_ID, INVESTMENT_TYPE, NAME, Quantity, SYMBOL) values ('773BCA50-2BAF-4E27-BB4D-C7B4962CA554', 40, '2E507E29-D6B6-4A87-A8AA-475CFAC568DF', 'S', 'Tesla INC.', 5, 'TESLA');
insert into STOCK_BOOK (ACCOUNT_ID, AVG_VALUE, HOLDING_ID, INVESTMENT_TYPE, NAME, Quantity, SYMBOL) values ('910A001E-1485-4F22-B4DE-38FFFB3AD2EA', 50.25, '269E60DC-E271-40B7-8C71-560DAA25C23F', 'S', 'Apple INC.', 100, 'APP');
insert into STOCK_BOOK (ACCOUNT_ID, AVG_VALUE, HOLDING_ID, INVESTMENT_TYPE, NAME, Quantity, SYMBOL) values ('016A5486-2A8D-4011-8E87-0E146D14CE66', 31, '7B30B390-7771-4DA8-9A9A-5E62FCC9B243', 'O', 'Facebook', 75, 'META');
insert into STOCK_BOOK (ACCOUNT_ID, AVG_VALUE, HOLDING_ID, INVESTMENT_TYPE, NAME, Quantity, SYMBOL) values ('016A5486-2A8D-4011-8E87-0E146D14CE66', 50.01, '153B7B17-16F7-46C1-B419-6E8C44029D80', 'O', 'NVIDIA', 100, 'NV');
insert into STOCK_BOOK (ACCOUNT_ID, AVG_VALUE, HOLDING_ID, INVESTMENT_TYPE, NAME, Quantity, SYMBOL) values ('016A5486-2A8D-4011-8E87-0E146D14CE66', 50.25, '8C58C9FB-D1FA-4A96-9004-6EFA3EF9F5FC', 'S', 'Apple INC.', 100, 'APP');
insert into STOCK_BOOK (ACCOUNT_ID, AVG_VALUE, HOLDING_ID, INVESTMENT_TYPE, NAME, Quantity, SYMBOL) values ('E7881581-1FD9-40F0-AEB1-5258D887AD21', 30.5, '4449ED89-E8F1-4C94-89B5-74DED7603F4D', 'O', 'Facebook', 750, 'META');
insert into STOCK_BOOK (ACCOUNT_ID, AVG_VALUE, HOLDING_ID, INVESTMENT_TYPE, NAME, Quantity, SYMBOL) values ('4D4DC6F6-98ED-4DD2-8A29-4F3794C29232', 55, '52B6038A-63D7-4AC7-8A51-786DB62F7490', 'S', 'Apple INC.', 10, 'APP');
insert into STOCK_BOOK (ACCOUNT_ID, AVG_VALUE, HOLDING_ID, INVESTMENT_TYPE, NAME, Quantity, SYMBOL) values ('864A418D-C2E0-4E31-AC79-2CDFB88C3139', 31, '28545247-D012-464B-AFCE-7E2255A51AD9', 'O', 'Facebook', 75, 'META');
insert into STOCK_BOOK (ACCOUNT_ID, AVG_VALUE, HOLDING_ID, INVESTMENT_TYPE, NAME, Quantity, SYMBOL) values ('910A001E-1485-4F22-B4DE-38FFFB3AD2EA', 30.5, 'CFFF91F2-B7A7-4375-8CB7-8F332D32E7DA', 'S', 'Facebook', 5, 'META');
insert into STOCK_BOOK (ACCOUNT_ID, AVG_VALUE, HOLDING_ID, INVESTMENT_TYPE, NAME, Quantity, SYMBOL) values ('910A001E-1485-4F22-B4DE-38FFFB3AD2EA', 30.5, '8D702671-462B-4FD1-A3AC-8F8154B0A9A7', 'O', 'Facebook', 5, 'META');
insert into STOCK_BOOK (ACCOUNT_ID, AVG_VALUE, HOLDING_ID, INVESTMENT_TYPE, NAME, Quantity, SYMBOL) values ('893931D1-CBF6-4F31-8E13-B508A905D8DC', 30.5, '7757F947-F40B-4EC1-9669-944FFA0F7AAD', 'S', 'Facebook', 705, 'META');
insert into STOCK_BOOK (ACCOUNT_ID, AVG_VALUE, HOLDING_ID, INVESTMENT_TYPE, NAME, Quantity, SYMBOL) values ('473DAC96-6173-45F8-AA5D-ED90E214AF98', 59, '8606EA35-2624-4923-9416-AE30ED51F658', 'S', 'Apple INC.', 1000, 'APP');
insert into STOCK_BOOK (ACCOUNT_ID, AVG_VALUE, HOLDING_ID, INVESTMENT_TYPE, NAME, Quantity, SYMBOL) values ('864A418D-C2E0-4E31-AC79-2CDFB88C3139', 47, '4885F3C7-8BF7-44D5-9C58-C87622E3359A', 'S', 'Tesla INC.', 500, 'TESLA');
insert into STOCK_BOOK (ACCOUNT_ID, AVG_VALUE, HOLDING_ID, INVESTMENT_TYPE, NAME, Quantity, SYMBOL) values ('095BE259-C1F9-4BD5-BFD8-236FE324B623', 31, '8B93DEE8-DCFC-4BA0-B656-CB9D6184B44F', 'O', 'Facebook', 75, 'META');
insert into STOCK_BOOK (ACCOUNT_ID, AVG_VALUE, HOLDING_ID, INVESTMENT_TYPE, NAME, Quantity, SYMBOL) values ('561597AD-B762-457F-9405-7B4B3AC572E8', 41, 'FF66C144-2C1D-4D81-9897-EF329AB19FA9', 'S', 'Tesla INC.', 5000, 'TESLA');
insert into STOCK_BOOK (ACCOUNT_ID, AVG_VALUE, HOLDING_ID, INVESTMENT_TYPE, NAME, Quantity, SYMBOL) values ('016A5486-2A8D-4011-8E87-0E146D14CE66', 100, '59C9C8DC-EBD7-4CD9-BB15-FC3243465FD7', 'O', 'Google', 50, 'ALP');

--Trading_Account
insert into Trading_Account (ACCOUNT_ID, ACCOUNT_NUMBER, ACCOUNT_TYPE, BROKER_ID, CURRENT_BALANCE, LAST_UPDATED, PROFILE_ID) values ('016A5486-2A8D-4011-8E87-0E146D14CE66', '456789012', 'Type1', 'FBD00C62-80BA-4C76-822A-55903575E011', 40000, '2023-11-28T04:29:47.997Z', '901018D7-3567-4AB6-B8D1-E5DAAAB5CBE1');
insert into Trading_Account (ACCOUNT_ID, ACCOUNT_NUMBER, ACCOUNT_TYPE, BROKER_ID, CURRENT_BALANCE, LAST_UPDATED, PROFILE_ID) values ('095BE259-C1F9-4BD5-BFD8-236FE324B623', '456789012', 'Type1', '07BA52A2-0DD4-4D77-8B5E-34F07098FCB9', 10000, '2023-11-28T04:29:47.997Z', '707339BF-F710-4F98-9DCE-51CEA7AAC46E');
insert into Trading_Account (ACCOUNT_ID, ACCOUNT_NUMBER, ACCOUNT_TYPE, BROKER_ID, CURRENT_BALANCE, LAST_UPDATED, PROFILE_ID) values ('864A418D-C2E0-4E31-AC79-2CDFB88C3139', '456789012', 'Type2', '07BA52A2-0DD4-4D77-8B5E-34F07098FCB9', 50000, '2023-11-28T04:29:47.997Z', '707339BF-F710-4F98-9DCE-51CEA7AAC46E');
insert into Trading_Account (ACCOUNT_ID, ACCOUNT_NUMBER, ACCOUNT_TYPE, BROKER_ID, CURRENT_BALANCE, LAST_UPDATED, PROFILE_ID) values ('910A001E-1485-4F22-B4DE-38FFFB3AD2EA', '987654321', 'Type2', '1E551297-8C39-4BCE-9CE1-3197F118A755', 7500, '2023-11-28T04:29:47.997Z', 'B1414123-C231-41AA-A0E5-03B4AE5E9690');
insert into Trading_Account (ACCOUNT_ID, ACCOUNT_NUMBER, ACCOUNT_TYPE, BROKER_ID, CURRENT_BALANCE, LAST_UPDATED, PROFILE_ID) values ('4D4DC6F6-98ED-4DD2-8A29-4F3794C29232', '456789012', 'Type1', '8B75DB4F-3129-4C9E-907D-48D1B10DFE81', 20000, '2023-11-28T04:29:47.997Z', 'C3E548AB-4A51-4EE3-AA5D-DA41962A5337');
insert into Trading_Account (ACCOUNT_ID, ACCOUNT_NUMBER, ACCOUNT_TYPE, BROKER_ID, CURRENT_BALANCE, LAST_UPDATED, PROFILE_ID) values ('E7881581-1FD9-40F0-AEB1-5258D887AD21', '456789012', 'Type1', '07BA52A2-0DD4-4D77-8B5E-34F07098FCB9', 90000, '2023-11-28T04:29:47.997Z', '5EED8949-7E6A-4CE8-AA04-AE2143AB50C2');
insert into Trading_Account (ACCOUNT_ID, ACCOUNT_NUMBER, ACCOUNT_TYPE, BROKER_ID, CURRENT_BALANCE, LAST_UPDATED, PROFILE_ID) values ('561597AD-B762-457F-9405-7B4B3AC572E8', '123456789', 'Type1', 'F4065E81-B180-49A5-B1B4-1A8C5F359010', 5000, '2023-11-28T04:29:47.997Z', 'B1414123-C231-41AA-A0E5-03B4AE5E9690');
insert into Trading_Account (ACCOUNT_ID, ACCOUNT_NUMBER, ACCOUNT_TYPE, BROKER_ID, CURRENT_BALANCE, LAST_UPDATED, PROFILE_ID) values ('893931D1-CBF6-4F31-8E13-B508A905D8DC', '456789012', 'Type2', 'FBD00C62-80BA-4C76-822A-55903575E011', 30000, '2023-11-28T04:29:47.997Z', 'C3E548AB-4A51-4EE3-AA5D-DA41962A5337');
insert into Trading_Account (ACCOUNT_ID, ACCOUNT_NUMBER, ACCOUNT_TYPE, BROKER_ID, CURRENT_BALANCE, LAST_UPDATED, PROFILE_ID) values ('773BCA50-2BAF-4E27-BB4D-C7B4962CA554', '456789012', 'Type2', '07BA52A2-0DD4-4D77-8B5E-34F07098FCB9', 60000, '2023-11-28T04:29:47.997Z', '901018D7-3567-4AB6-B8D1-E5DAAAB5CBE1');
insert into Trading_Account (ACCOUNT_ID, ACCOUNT_NUMBER, ACCOUNT_TYPE, BROKER_ID, CURRENT_BALANCE, LAST_UPDATED, PROFILE_ID) values ('473DAC96-6173-45F8-AA5D-ED90E214AF98', '456789012', 'Type1', '07BA52A2-0DD4-4D77-8B5E-34F07098FCB9', 1, '2023-11-28T04:29:47.997Z', '4E3DDAAF-D449-4A69-A067-CAD3E16DE33B');

--TRANSACTION_HISTORY
insert into TRANSACTION_HISTORY (BUY_SELL, DATE, HOLDING_ID, PRICE, QUANTITY, SYMBOL, TRANSACTION_ID) values ('S', '2023-01-09T00:00:00.000Z', '7B30B390-7771-4DA8-9A9A-5E62FCC9B243', 1234, 20, 'META', '83DD3503-CDC5-4C67-AC22-009031096876');
insert into TRANSACTION_HISTORY (BUY_SELL, DATE, HOLDING_ID, PRICE, QUANTITY, SYMBOL, TRANSACTION_ID) values ('B', '2023-01-17T00:00:00.000Z', '8606EA35-2624-4923-9416-AE30ED51F658', 100, 200, 'META', 'A65413D1-9CFB-4FF3-957F-15667E5F5037');
insert into TRANSACTION_HISTORY (BUY_SELL, DATE, HOLDING_ID, PRICE, QUANTITY, SYMBOL, TRANSACTION_ID) values ('S', '2023-01-02T00:00:00.000Z', 'FD716C90-33AD-42E9-A412-383260A945E4', 51, 100, 'TESLA', '5D07A9BF-4BCE-48CD-917D-18AE529BE112');
insert into TRANSACTION_HISTORY (BUY_SELL, DATE, HOLDING_ID, PRICE, QUANTITY, SYMBOL, TRANSACTION_ID) values ('B', '2023-01-20T00:00:00.000Z', '6217199A-6A22-48E7-9737-1706DEFE8C4B', 5, 20, 'APP', '38359A48-B71A-49F8-9A41-1E62A0CA9714');
insert into TRANSACTION_HISTORY (BUY_SELL, DATE, HOLDING_ID, PRICE, QUANTITY, SYMBOL, TRANSACTION_ID) values ('B', '2023-11-29T00:00:00.000Z', '59C9C8DC-EBD7-4CD9-BB15-FC3243465FD7', 100, 50, 'ALP', 'F3B26F5E-1E58-40AB-8ACA-22B152E1488D');
insert into TRANSACTION_HISTORY (BUY_SELL, DATE, HOLDING_ID, PRICE, QUANTITY, SYMBOL, TRANSACTION_ID) values ('B', '2023-11-29T00:00:00.000Z', '153B7B17-16F7-46C1-B419-6E8C44029D80', 55, 50, 'NV', 'DE722DF8-09FF-43F6-8C23-22B4FB1BF8F4');
insert into TRANSACTION_HISTORY (BUY_SELL, DATE, HOLDING_ID, PRICE, QUANTITY, SYMBOL, TRANSACTION_ID) values ('B', '2023-01-17T00:00:00.000Z', '28545247-D012-464B-AFCE-7E2255A51AD9', 523, 20, 'APP', '1EAB4656-6470-4A2F-96B4-2698DE4A4F29');
insert into TRANSACTION_HISTORY (BUY_SELL, DATE, HOLDING_ID, PRICE, QUANTITY, SYMBOL, TRANSACTION_ID) values ('S', '2023-01-25T00:00:00.000Z', '7757F947-F40B-4EC1-9669-944FFA0F7AAD', 91, 15, 'APP', 'FF87EF36-A5C3-41D7-8098-353F4B174D75');
insert into TRANSACTION_HISTORY (BUY_SELL, DATE, HOLDING_ID, PRICE, QUANTITY, SYMBOL, TRANSACTION_ID) values ('S', '2023-01-05T00:00:00.000Z', '269E60DC-E271-40B7-8C71-560DAA25C23F', 1, 20, 'APP', 'CD2F19D7-4412-4295-85BF-3A1B46F6E9C1');
insert into TRANSACTION_HISTORY (BUY_SELL, DATE, HOLDING_ID, PRICE, QUANTITY, SYMBOL, TRANSACTION_ID) values ('B', '2023-01-12T00:00:00.000Z', '4449ED89-E8F1-4C94-89B5-74DED7603F4D', 51, 20, 'APP', '8DD8B94B-A5A4-48F4-A30F-457CAC738071');
insert into TRANSACTION_HISTORY (BUY_SELL, DATE, HOLDING_ID, PRICE, QUANTITY, SYMBOL, TRANSACTION_ID) values ('S', '2023-01-29T00:00:00.000Z', '8D702671-462B-4FD1-A3AC-8F8154B0A9A7', 59, 20, 'META', '0C649C82-1C9D-4FFD-9E19-49D5AF5DF00D');
insert into TRANSACTION_HISTORY (BUY_SELL, DATE, HOLDING_ID, PRICE, QUANTITY, SYMBOL, TRANSACTION_ID) values ('S', '2023-11-29T00:00:00.000Z', '153B7B17-16F7-46C1-B419-6E8C44029D80', 55, -50, 'NV', '5737E8B0-CABA-4528-9914-58E175FBE7A6');
insert into TRANSACTION_HISTORY (BUY_SELL, DATE, HOLDING_ID, PRICE, QUANTITY, SYMBOL, TRANSACTION_ID) values ('B', '2023-11-29T00:00:00.000Z', '153B7B17-16F7-46C1-B419-6E8C44029D80', 50, 100, 'NV', '6AE485D8-2455-44C7-9A79-5B8DC2C2C014');
insert into TRANSACTION_HISTORY (BUY_SELL, DATE, HOLDING_ID, PRICE, QUANTITY, SYMBOL, TRANSACTION_ID) values ('B', '2023-01-01T00:00:00.000Z', '8B93DEE8-DCFC-4BA0-B656-CB9D6184B44F', 320, 20, 'TESLA', 'D9F81EDF-A22F-449F-A76C-6053CB81F2AB');
insert into TRANSACTION_HISTORY (BUY_SELL, DATE, HOLDING_ID, PRICE, QUANTITY, SYMBOL, TRANSACTION_ID) values ('B', '2023-01-11T00:00:00.000Z', 'CFFF91F2-B7A7-4375-8CB7-8F332D32E7DA', 53, 234, 'META', 'AED6F20A-D0AC-42EE-A992-6113AFF5372B');
insert into TRANSACTION_HISTORY (BUY_SELL, DATE, HOLDING_ID, PRICE, QUANTITY, SYMBOL, TRANSACTION_ID) values ('S', '2023-01-07T00:00:00.000Z', 'FF66C144-2C1D-4D81-9897-EF329AB19FA9', 22, 10, 'APP', '46FD5069-37D3-41BE-84F9-B54090A9A4AD');
insert into TRANSACTION_HISTORY (BUY_SELL, DATE, HOLDING_ID, PRICE, QUANTITY, SYMBOL, TRANSACTION_ID) values ('B', '2023-01-15T00:00:00.000Z', '52B6038A-63D7-4AC7-8A51-786DB62F7490', 5, 55, 'TESLA', '9652D02B-3DC6-4F0F-B869-C9725CF93FB8');
insert into TRANSACTION_HISTORY (BUY_SELL, DATE, HOLDING_ID, PRICE, QUANTITY, SYMBOL, TRANSACTION_ID) values ('B', '2023-01-10T00:00:00.000Z', '8C58C9FB-D1FA-4A96-9004-6EFA3EF9F5FC', 235, 209, 'APP', 'F26E791B-7982-421E-8207-CA1D60DB80DB');
insert into TRANSACTION_HISTORY (BUY_SELL, DATE, HOLDING_ID, PRICE, QUANTITY, SYMBOL, TRANSACTION_ID) values ('B', '2023-01-11T00:00:00.000Z', '4885F3C7-8BF7-44D5-9C58-C87622E3359A', 98, 1, 'TESLA', '7CB23D22-4003-4F91-88D4-CDEEBC2A1D61');
insert into TRANSACTION_HISTORY (BUY_SELL, DATE, HOLDING_ID, PRICE, QUANTITY, SYMBOL, TRANSACTION_ID) values ('B', '2023-01-14T00:00:00.000Z', '2E507E29-D6B6-4A87-A8AA-475CFAC568DF', 534, 20, 'APP', 'F6162239-2A1B-4526-99E6-D0EB6F2B4CFB');
insert into TRANSACTION_HISTORY (BUY_SELL, DATE, HOLDING_ID, PRICE, QUANTITY, SYMBOL, TRANSACTION_ID) values ('B', '2023-01-11T00:00:00.000Z', '63703E59-DA29-468D-B00C-351445FC06AE', 123, 99, 'META', '6D4BE90A-BC57-45B5-ACB3-ED7C0FCE43C5');
